[
  {
    "code": "000660",
    "name": "SK하이닉스",
    "wpCategoryId": 25
  },
  {
    "code": "005930",
    "name": "삼성전자",
    "wpCategoryId": 25
  },
  {
    "code": "035420",
    "name": "NAVER",
    "wpCategoryId": 25
  },
  {
    "code": "034020",
    "name": "두산에너빌리티",
    "wpCategoryId": 25
  },
  {
    "code": "015760",
    "name": "한국전력",
    "wpCategoryId": 25
  },
  {
    "code": "007660",
    "name": "이수페타시스",
    "wpCategoryId": 25
  },
  {
    "code": "012450",
    "name": "한화에어로스페이스",
    "wpCategoryId": 25
  },
  {
    "code": "010120",
    "name": "LS ELECTRIC",
    "wpCategoryId": 25
  },
  {
    "code": "005935",
    "name": "삼성전자우",
    "wpCategoryId": 25
  },
  {
    "code": "402340",
    "name": "SK스퀘어",
    "wpCategoryId": 25
  },
  {
    "code": "267260",
    "name": "HD현대일렉트릭",
    "wpCategoryId": 25
  },
  {
    "code": "009150",
    "name": "삼성전기",
    "wpCategoryId": 25
  },
  {
    "code": "035720",
    "name": "카카오",
    "wpCategoryId": 25
  },
  {
    "code": "005380",
    "name": "현대차",
    "wpCategoryId": 25
  },
  {
    "code": "298040",
    "name": "효성중공업",
    "wpCategoryId": 25
  },
  {
    "code": "000150",
    "name": "두산",
    "wpCategoryId": 25
  },
  {
    "code": "068270",
    "name": "셀트리온",
    "wpCategoryId": 25
  },
  {
    "code": "042700",
    "name": "한미반도체",
    "wpCategoryId": 25
  },
  {
    "code": "051910",
    "name": "LG화학",
    "wpCategoryId": 25
  },
  {
    "code": "042660",
    "name": "한화오션",
    "wpCategoryId": 25
  },
  {
    "code": "373220",
    "name": "LG에너지솔루션",
    "wpCategoryId": 25
  },
  {
    "code": "278470",
    "name": "에이피알",
    "wpCategoryId": 25
  },
  {
    "code": "006400",
    "name": "삼성SDI",
    "wpCategoryId": 25
  },
  {
    "code": "036570",
    "name": "엔씨소프트",
    "wpCategoryId": 25
  },
  {
    "code": "329180",
    "name": "HD현대중공업",
    "wpCategoryId": 25
  },
  {
    "code": "028260",
    "name": "삼성물산",
    "wpCategoryId": 25
  },
  {
    "code": "005490",
    "name": "POSCO홀딩스",
    "wpCategoryId": 25
  },
  {
    "code": "105560",
    "name": "KB금융",
    "wpCategoryId": 25
  },
  {
    "code": "353200",
    "name": "대덕전자",
    "wpCategoryId": 25
  },
  {
    "code": "001440",
    "name": "대한전선",
    "wpCategoryId": 25
  },
  {
    "code": "000270",
    "name": "기아",
    "wpCategoryId": 25
  },
  {
    "code": "005690",
    "name": "파미셀",
    "wpCategoryId": 25
  },
  {
    "code": "003230",
    "name": "삼양식품",
    "wpCategoryId": 25
  },
  {
    "code": "020150",
    "name": "롯데에너지머티리얼즈",
    "wpCategoryId": 25
  },
  {
    "code": "010140",
    "name": "삼성중공업",
    "wpCategoryId": 25
  },
  {
    "code": "055550",
    "name": "신한지주",
    "wpCategoryId": 25
  },
  {
    "code": "064350",
    "name": "현대로템",
    "wpCategoryId": 25
  },
  {
    "code": "009540",
    "name": "HD한국조선해양",
    "wpCategoryId": 25
  },
  {
    "code": "033780",
    "name": "KT&G",
    "wpCategoryId": 25
  },
  {
    "code": "006800",
    "name": "미래에셋증권",
    "wpCategoryId": 25
  },
  {
    "code": "047810",
    "name": "한국항공우주",
    "wpCategoryId": 25
  },
  {
    "code": "000720",
    "name": "현대건설",
    "wpCategoryId": 25
  },
  {
    "code": "249420",
    "name": "일동제약",
    "wpCategoryId": 25
  },
  {
    "code": "352820",
    "name": "하이브",
    "wpCategoryId": 25
  },
  {
    "code": "090430",
    "name": "아모레퍼시픽",
    "wpCategoryId": 25
  },
  {
    "code": "003670",
    "name": "포스코퓨처엠",
    "wpCategoryId": 25
  },
  {
    "code": "001040",
    "name": "CJ",
    "wpCategoryId": 25
  },
  {
    "code": "034230",
    "name": "파라다이스",
    "wpCategoryId": 25
  },
  {
    "code": "086790",
    "name": "하나금융지주",
    "wpCategoryId": 25
  },
  {
    "code": "034730",
    "name": "SK",
    "wpCategoryId": 25
  },
  {
    "code": "017670",
    "name": "SK텔레콤",
    "wpCategoryId": 25
  },
  {
    "code": "079550",
    "name": "LIG넥스원",
    "wpCategoryId": 25
  },
  {
    "code": "032350",
    "name": "롯데관광개발",
    "wpCategoryId": 25
  },
  {
    "code": "336260",
    "name": "두산퓨얼셀",
    "wpCategoryId": 25
  },
  {
    "code": "039490",
    "name": "키움증권",
    "wpCategoryId": 25
  },
  {
    "code": "192820",
    "name": "코스맥스",
    "wpCategoryId": 25
  },
  {
    "code": "066970",
    "name": "엘앤에프",
    "wpCategoryId": 25
  },
  {
    "code": "012330",
    "name": "현대모비스",
    "wpCategoryId": 25
  },
  {
    "code": "062040",
    "name": "산일전기",
    "wpCategoryId": 25
  },
  {
    "code": "272210",
    "name": "한화시스템",
    "wpCategoryId": 25
  },
  {
    "code": "097230",
    "name": "HJ중공업",
    "wpCategoryId": 25
  },
  {
    "code": "092200",
    "name": "디아이씨",
    "wpCategoryId": 25
  },
  {
    "code": "010620",
    "name": "HD현대미포",
    "wpCategoryId": 25
  },
  {
    "code": "000810",
    "name": "삼성화재",
    "wpCategoryId": 25
  },
  {
    "code": "010950",
    "name": "S-Oil",
    "wpCategoryId": 25
  },
  {
    "code": "071050",
    "name": "한국금융지주",
    "wpCategoryId": 25
  },
  {
    "code": "316140",
    "name": "우리금융지주",
    "wpCategoryId": 25
  },
  {
    "code": "000990",
    "name": "DB하이텍",
    "wpCategoryId": 25
  },
  {
    "code": "000100",
    "name": "유한양행",
    "wpCategoryId": 25
  },
  {
    "code": "064400",
    "name": "LG씨엔에스",
    "wpCategoryId": 25
  },
  {
    "code": "128940",
    "name": "한미약품",
    "wpCategoryId": 25
  },
  {
    "code": "011070",
    "name": "LG이노텍",
    "wpCategoryId": 25
  },
  {
    "code": "006260",
    "name": "LS",
    "wpCategoryId": 25
  },
  {
    "code": "267250",
    "name": "HD현대",
    "wpCategoryId": 25
  },
  {
    "code": "014530",
    "name": "극동유화",
    "wpCategoryId": 25
  },
  {
    "code": "082740",
    "name": "한화엔진",
    "wpCategoryId": 25
  },
  {
    "code": "006340",
    "name": "대원전선",
    "wpCategoryId": 25
  },
  {
    "code": "103590",
    "name": "일진전기",
    "wpCategoryId": 25
  },
  {
    "code": "066570",
    "name": "LG전자",
    "wpCategoryId": 25
  },
  {
    "code": "123690",
    "name": "한국화장품",
    "wpCategoryId": 25
  },
  {
    "code": "018260",
    "name": "삼성에스디에스",
    "wpCategoryId": 25
  },
  {
    "code": "005387",
    "name": "현대차2우B",
    "wpCategoryId": 25
  },
  {
    "code": "010130",
    "name": "고려아연",
    "wpCategoryId": 25
  },
  {
    "code": "016360",
    "name": "삼성증권",
    "wpCategoryId": 25
  },
  {
    "code": "259960",
    "name": "크래프톤",
    "wpCategoryId": 25
  },
  {
    "code": "326030",
    "name": "SK바이오팜",
    "wpCategoryId": 25
  },
  {
    "code": "011790",
    "name": "SKC",
    "wpCategoryId": 25
  },
  {
    "code": "138040",
    "name": "메리츠금융지주",
    "wpCategoryId": 25
  },
  {
    "code": "096770",
    "name": "SK이노베이션",
    "wpCategoryId": 25
  },
  {
    "code": "499790",
    "name": "GS피앤엘",
    "wpCategoryId": 25
  },
  {
    "code": "003160",
    "name": "디아이",
    "wpCategoryId": 25
  },
  {
    "code": "005385",
    "name": "현대차우",
    "wpCategoryId": 25
  },
  {
    "code": "000880",
    "name": "한화",
    "wpCategoryId": 25
  },
  {
    "code": "000155",
    "name": "두산우",
    "wpCategoryId": 25
  },
  {
    "code": "017800",
    "name": "현대엘리베이터",
    "wpCategoryId": 25
  },
  {
    "code": "034220",
    "name": "LG디스플레이",
    "wpCategoryId": 25
  },
  {
    "code": "271560",
    "name": "오리온",
    "wpCategoryId": 25
  },
  {
    "code": "003680",
    "name": "한성기업",
    "wpCategoryId": 25
  },
  {
    "code": "032830",
    "name": "삼성생명",
    "wpCategoryId": 25
  },
  {
    "code": "030200",
    "name": "KT",
    "wpCategoryId": 25
  },
  {
    "code": "439260",
    "name": "대한조선",
    "wpCategoryId": 25
  },
  {
    "code": "103140",
    "name": "풍산",
    "wpCategoryId": 25
  },
  {
    "code": "489790",
    "name": "한화비전",
    "wpCategoryId": 25
  },
  {
    "code": "003550",
    "name": "LG",
    "wpCategoryId": 25
  },
  {
    "code": "195870",
    "name": "해성디에스",
    "wpCategoryId": 25
  },
  {
    "code": "005830",
    "name": "DB손해보험",
    "wpCategoryId": 25
  },
  {
    "code": "047050",
    "name": "포스코인터내셔널",
    "wpCategoryId": 25
  },
  {
    "code": "088980",
    "name": "맥쿼리인프라",
    "wpCategoryId": 25
  },
  {
    "code": "120110",
    "name": "코오롱인더",
    "wpCategoryId": 25
  },
  {
    "code": "443060",
    "name": "HD현대마린솔루션",
    "wpCategoryId": 25
  },
  {
    "code": "024110",
    "name": "기업은행",
    "wpCategoryId": 25
  },
  {
    "code": "011200",
    "name": "HMM",
    "wpCategoryId": 25
  },
  {
    "code": "004370",
    "name": "농심",
    "wpCategoryId": 25
  },
  {
    "code": "204320",
    "name": "HL만도",
    "wpCategoryId": 25
  },
  {
    "code": "069960",
    "name": "현대백화점",
    "wpCategoryId": 25
  },
  {
    "code": "009420",
    "name": "한올바이오파마",
    "wpCategoryId": 25
  },
  {
    "code": "005070",
    "name": "코스모신소재",
    "wpCategoryId": 25
  },
  {
    "code": "008770",
    "name": "호텔신라",
    "wpCategoryId": 25
  },
  {
    "code": "294870",
    "name": "HDC현대산업개발",
    "wpCategoryId": 25
  },
  {
    "code": "450080",
    "name": "에코프로머티",
    "wpCategoryId": 25
  },
  {
    "code": "377300",
    "name": "카카오페이",
    "wpCategoryId": 25
  },
  {
    "code": "014680",
    "name": "한솔케미칼",
    "wpCategoryId": 25
  },
  {
    "code": "021240",
    "name": "코웨이",
    "wpCategoryId": 25
  },
  {
    "code": "004490",
    "name": "세방전지",
    "wpCategoryId": 25
  },
  {
    "code": "004060",
    "name": "SG세계물산",
    "wpCategoryId": 25
  },
  {
    "code": "323410",
    "name": "카카오뱅크",
    "wpCategoryId": 25
  },
  {
    "code": "086280",
    "name": "현대글로비스",
    "wpCategoryId": 25
  },
  {
    "code": "483650",
    "name": "달바글로벌",
    "wpCategoryId": 25
  },
  {
    "code": "051900",
    "name": "LG생활건강",
    "wpCategoryId": 25
  },
  {
    "code": "100090",
    "name": "SK오션플랜트",
    "wpCategoryId": 25
  },
  {
    "code": "078930",
    "name": "GS",
    "wpCategoryId": 25
  },
  {
    "code": "307950",
    "name": "현대오토에버",
    "wpCategoryId": 25
  },
  {
    "code": "032640",
    "name": "LG유플러스",
    "wpCategoryId": 25
  },
  {
    "code": "003720",
    "name": "삼영",
    "wpCategoryId": 25
  },
  {
    "code": "035250",
    "name": "강원랜드",
    "wpCategoryId": 25
  },
  {
    "code": "028050",
    "name": "삼성E&A",
    "wpCategoryId": 25
  },
  {
    "code": "161890",
    "name": "한국콜마",
    "wpCategoryId": 25
  },
  {
    "code": "012510",
    "name": "더존비즈온",
    "wpCategoryId": 25
  },
  {
    "code": "079900",
    "name": "전진건설로봇",
    "wpCategoryId": 25
  },
  {
    "code": "111770",
    "name": "영원무역",
    "wpCategoryId": 25
  },
  {
    "code": "017960",
    "name": "한국카본",
    "wpCategoryId": 25
  },
  {
    "code": "241560",
    "name": "두산밥캣",
    "wpCategoryId": 25
  },
  {
    "code": "071970",
    "name": "HD현대마린엔진",
    "wpCategoryId": 25
  },
  {
    "code": "097950",
    "name": "CJ제일제당",
    "wpCategoryId": 25
  },
  {
    "code": "093240",
    "name": "형지엘리트",
    "wpCategoryId": 25
  },
  {
    "code": "007810",
    "name": "코리아써키트",
    "wpCategoryId": 25
  },
  {
    "code": "009830",
    "name": "한화솔루션",
    "wpCategoryId": 25
  },
  {
    "code": "005940",
    "name": "NH투자증권",
    "wpCategoryId": 25
  },
  {
    "code": "161390",
    "name": "한국타이어앤테크놀로지",
    "wpCategoryId": 25
  },
  {
    "code": "078520",
    "name": "에이블씨엔씨",
    "wpCategoryId": 25
  },
  {
    "code": "014280",
    "name": "금강공업",
    "wpCategoryId": 25
  },
  {
    "code": "454910",
    "name": "두산로보틱스",
    "wpCategoryId": 25
  },
  {
    "code": "093370",
    "name": "후성",
    "wpCategoryId": 25
  },
  {
    "code": "052690",
    "name": "한전기술",
    "wpCategoryId": 25
  },
  {
    "code": "077970",
    "name": "STX엔진",
    "wpCategoryId": 25
  },
  {
    "code": "139480",
    "name": "이마트",
    "wpCategoryId": 25
  },
  {
    "code": "042670",
    "name": "HD현대인프라코어",
    "wpCategoryId": 25
  },
  {
    "code": "051915",
    "name": "LG화학우",
    "wpCategoryId": 25
  },
  {
    "code": "383220",
    "name": "F&F",
    "wpCategoryId": 25
  },
  {
    "code": "004020",
    "name": "현대제철",
    "wpCategoryId": 25
  },
  {
    "code": "138930",
    "name": "BNK금융지주",
    "wpCategoryId": 25
  },
  {
    "code": "475150",
    "name": "SK이터닉스",
    "wpCategoryId": 25
  },
  {
    "code": "010060",
    "name": "OCI홀딩스",
    "wpCategoryId": 25
  },
  {
    "code": "003490",
    "name": "대한항공",
    "wpCategoryId": 25
  },
  {
    "code": "267270",
    "name": "HD현대건설기계",
    "wpCategoryId": 25
  },
  {
    "code": "001450",
    "name": "현대해상",
    "wpCategoryId": 25
  },
  {
    "code": "022100",
    "name": "포스코DX",
    "wpCategoryId": 25
  },
  {
    "code": "051600",
    "name": "한전KPS",
    "wpCategoryId": 25
  },
  {
    "code": "084670",
    "name": "동양고속",
    "wpCategoryId": 25
  },
  {
    "code": "317450",
    "name": "명인제약",
    "wpCategoryId": 25
  },
  {
    "code": "002380",
    "name": "KCC",
    "wpCategoryId": 25
  },
  {
    "code": "011150",
    "name": "CJ씨푸드",
    "wpCategoryId": 25
  },
  {
    "code": "457190",
    "name": "이수스페셜티케미컬",
    "wpCategoryId": 25
  },
  {
    "code": "003530",
    "name": "한화투자증권",
    "wpCategoryId": 25
  },
  {
    "code": "105840",
    "name": "우진",
    "wpCategoryId": 25
  },
  {
    "code": "075580",
    "name": "세진중공업",
    "wpCategoryId": 25
  },
  {
    "code": "002020",
    "name": "코오롱",
    "wpCategoryId": 25
  },
  {
    "code": "023530",
    "name": "롯데쇼핑",
    "wpCategoryId": 25
  },
  {
    "code": "004990",
    "name": "롯데지주",
    "wpCategoryId": 25
  },
  {
    "code": "014710",
    "name": "사조씨푸드",
    "wpCategoryId": 25
  },
  {
    "code": "004800",
    "name": "효성",
    "wpCategoryId": 25
  },
  {
    "code": "302440",
    "name": "SK바이오사이언스",
    "wpCategoryId": 25
  },
  {
    "code": "281820",
    "name": "케이씨텍",
    "wpCategoryId": 25
  },
  {
    "code": "251270",
    "name": "넷마블",
    "wpCategoryId": 25
  },
  {
    "code": "180640",
    "name": "한진칼",
    "wpCategoryId": 25
  },
  {
    "code": "002790",
    "name": "아모레퍼시픽홀딩스",
    "wpCategoryId": 25
  },
  {
    "code": "006650",
    "name": "대한유화",
    "wpCategoryId": 25
  },
  {
    "code": "175330",
    "name": "JB금융지주",
    "wpCategoryId": 25
  },
  {
    "code": "081660",
    "name": "미스토홀딩스",
    "wpCategoryId": 25
  },
  {
    "code": "112610",
    "name": "씨에스윈드",
    "wpCategoryId": 25
  },
  {
    "code": "282330",
    "name": "BGF리테일",
    "wpCategoryId": 25
  },
  {
    "code": "003540",
    "name": "대신증권",
    "wpCategoryId": 25
  },
  {
    "code": "030000",
    "name": "제일기획",
    "wpCategoryId": 25
  },
  {
    "code": "00680K",
    "name": "미래에셋증권2우B",
    "wpCategoryId": 25
  },
  {
    "code": "047400",
    "name": "유니온머티리얼",
    "wpCategoryId": 25
  },
  {
    "code": "069620",
    "name": "대웅제약",
    "wpCategoryId": 25
  },
  {
    "code": "484870",
    "name": "엠앤씨솔루션",
    "wpCategoryId": 25
  },
  {
    "code": "066575",
    "name": "LG전자우",
    "wpCategoryId": 25
  },
  {
    "code": "036460",
    "name": "한국가스공사",
    "wpCategoryId": 25
  },
  {
    "code": "004170",
    "name": "신세계",
    "wpCategoryId": 25
  },
  {
    "code": "088350",
    "name": "한화생명",
    "wpCategoryId": 25
  },
  {
    "code": "007070",
    "name": "GS리테일",
    "wpCategoryId": 25
  },
  {
    "code": "322000",
    "name": "HD현대에너지솔루션",
    "wpCategoryId": 25
  },
  {
    "code": "005880",
    "name": "대한해운",
    "wpCategoryId": 25
  },
  {
    "code": "011780",
    "name": "금호석유화학",
    "wpCategoryId": 25
  },
  {
    "code": "019170",
    "name": "신풍제약",
    "wpCategoryId": 25
  },
  {
    "code": "000120",
    "name": "CJ대한통운",
    "wpCategoryId": 25
  },
  {
    "code": "028670",
    "name": "팬오션",
    "wpCategoryId": 25
  },
  {
    "code": "005850",
    "name": "에스엘",
    "wpCategoryId": 25
  },
  {
    "code": "011170",
    "name": "롯데케미칼",
    "wpCategoryId": 25
  },
  {
    "code": "085310",
    "name": "엔케이",
    "wpCategoryId": 25
  },
  {
    "code": "006360",
    "name": "GS건설",
    "wpCategoryId": 25
  },
  {
    "code": "090460",
    "name": "비에이치",
    "wpCategoryId": 25
  },
  {
    "code": "229640",
    "name": "LS에코에너지",
    "wpCategoryId": 25
  },
  {
    "code": "009310",
    "name": "참엔지니어링",
    "wpCategoryId": 25
  },
  {
    "code": "002900",
    "name": "TYM",
    "wpCategoryId": 25
  },
  {
    "code": "139130",
    "name": "iM금융지주",
    "wpCategoryId": 25
  },
  {
    "code": "071055",
    "name": "한국금융지주우",
    "wpCategoryId": 25
  },
  {
    "code": "005950",
    "name": "이수화학",
    "wpCategoryId": 25
  },
  {
    "code": "298020",
    "name": "효성티앤씨",
    "wpCategoryId": 25
  },
  {
    "code": "336370",
    "name": "솔루스첨단소재",
    "wpCategoryId": 25
  },
  {
    "code": "018670",
    "name": "SK가스",
    "wpCategoryId": 25
  },
  {
    "code": "375500",
    "name": "DL이앤씨",
    "wpCategoryId": 25
  },
  {
    "code": "033240",
    "name": "자화전자",
    "wpCategoryId": 25
  },
  {
    "code": "079160",
    "name": "CJ CGV",
    "wpCategoryId": 25
  },
  {
    "code": "005300",
    "name": "롯데칠성",
    "wpCategoryId": 25
  },
  {
    "code": "100840",
    "name": "SNT에너지",
    "wpCategoryId": 25
  },
  {
    "code": "029780",
    "name": "삼성카드",
    "wpCategoryId": 25
  },
  {
    "code": "035510",
    "name": "신세계 I&C",
    "wpCategoryId": 25
  },
  {
    "code": "018880",
    "name": "한온시스템",
    "wpCategoryId": 25
  },
  {
    "code": "012630",
    "name": "HDC",
    "wpCategoryId": 25
  },
  {
    "code": "114090",
    "name": "GKL",
    "wpCategoryId": 25
  },
  {
    "code": "003570",
    "name": "SNT다이내믹스",
    "wpCategoryId": 25
  },
  {
    "code": "285130",
    "name": "SK케미칼",
    "wpCategoryId": 25
  },
  {
    "code": "298690",
    "name": "에어부산",
    "wpCategoryId": 25
  },
  {
    "code": "039130",
    "name": "하나투어",
    "wpCategoryId": 25
  },
  {
    "code": "244920",
    "name": "에이플러스에셋",
    "wpCategoryId": 25
  },
  {
    "code": "128820",
    "name": "대성산업",
    "wpCategoryId": 25
  },
  {
    "code": "001530",
    "name": "DI동일",
    "wpCategoryId": 25
  },
  {
    "code": "214420",
    "name": "토니모리",
    "wpCategoryId": 25
  },
  {
    "code": "006280",
    "name": "녹십자",
    "wpCategoryId": 25
  },
  {
    "code": "011210",
    "name": "현대위아",
    "wpCategoryId": 25
  },
  {
    "code": "003690",
    "name": "코리안리",
    "wpCategoryId": 25
  },
  {
    "code": "037270",
    "name": "YG PLUS",
    "wpCategoryId": 25
  },
  {
    "code": "361610",
    "name": "SK아이이테크놀로지",
    "wpCategoryId": 25
  },
  {
    "code": "033530",
    "name": "SJG세종",
    "wpCategoryId": 25
  },
  {
    "code": "071950",
    "name": "코아스",
    "wpCategoryId": 25
  },
  {
    "code": "000520",
    "name": "삼일제약",
    "wpCategoryId": 25
  },
  {
    "code": "009970",
    "name": "영원무역홀딩스",
    "wpCategoryId": 25
  },
  {
    "code": "108320",
    "name": "LX세미콘",
    "wpCategoryId": 25
  },
  {
    "code": "009155",
    "name": "삼성전기우",
    "wpCategoryId": 25
  },
  {
    "code": "071320",
    "name": "지역난방공사",
    "wpCategoryId": 25
  },
  {
    "code": "019180",
    "name": "티에이치엔",
    "wpCategoryId": 25
  },
  {
    "code": "000815",
    "name": "삼성화재우",
    "wpCategoryId": 25
  },
  {
    "code": "000230",
    "name": "일동홀딩스",
    "wpCategoryId": 25
  },
  {
    "code": "001390",
    "name": "KG케미칼",
    "wpCategoryId": 25
  },
  {
    "code": "016880",
    "name": "웅진",
    "wpCategoryId": 25
  },
  {
    "code": "161000",
    "name": "애경케미칼",
    "wpCategoryId": 25
  },
  {
    "code": "005389",
    "name": "현대차3우B",
    "wpCategoryId": 25
  },
  {
    "code": "000500",
    "name": "가온전선",
    "wpCategoryId": 25
  },
  {
    "code": "105630",
    "name": "한세실업",
    "wpCategoryId": 25
  },
  {
    "code": "007160",
    "name": "사조산업",
    "wpCategoryId": 25
  },
  {
    "code": "450140",
    "name": "코오롱모빌리티그룹",
    "wpCategoryId": 25
  },
  {
    "code": "280360",
    "name": "롯데웰푸드",
    "wpCategoryId": 25
  },
  {
    "code": "001120",
    "name": "LX인터내셔널",
    "wpCategoryId": 25
  },
  {
    "code": "030720",
    "name": "동원수산",
    "wpCategoryId": 25
  },
  {
    "code": "00104K",
    "name": "CJ4우(전환)",
    "wpCategoryId": 25
  },
  {
    "code": "00088K",
    "name": "한화3우B",
    "wpCategoryId": 25
  },
  {
    "code": "178920",
    "name": "PI첨단소재",
    "wpCategoryId": 25
  },
  {
    "code": "298050",
    "name": "HS효성첨단소재",
    "wpCategoryId": 25
  },
  {
    "code": "008930",
    "name": "한미사이언스",
    "wpCategoryId": 25
  },
  {
    "code": "007460",
    "name": "에이프로젠",
    "wpCategoryId": 25
  },
  {
    "code": "007310",
    "name": "오뚜기",
    "wpCategoryId": 25
  },
  {
    "code": "009450",
    "name": "경동나비엔",
    "wpCategoryId": 25
  },
  {
    "code": "020000",
    "name": "한섬",
    "wpCategoryId": 25
  },
  {
    "code": "090435",
    "name": "아모레퍼시픽우",
    "wpCategoryId": 25
  },
  {
    "code": "073240",
    "name": "금호타이어",
    "wpCategoryId": 25
  },
  {
    "code": "072710",
    "name": "농심홀딩스",
    "wpCategoryId": 25
  },
  {
    "code": "145720",
    "name": "덴티움",
    "wpCategoryId": 25
  },
  {
    "code": "001200",
    "name": "유진투자증권",
    "wpCategoryId": 25
  },
  {
    "code": "248070",
    "name": "솔루엠",
    "wpCategoryId": 25
  },
  {
    "code": "005420",
    "name": "코스모화학",
    "wpCategoryId": 25
  },
  {
    "code": "0030R0",
    "name": "대신밸류리츠",
    "wpCategoryId": 25
  },
  {
    "code": "185750",
    "name": "종근당",
    "wpCategoryId": 25
  },
  {
    "code": "003610",
    "name": "방림",
    "wpCategoryId": 25
  },
  {
    "code": "003090",
    "name": "대웅",
    "wpCategoryId": 25
  },
  {
    "code": "008730",
    "name": "율촌화학",
    "wpCategoryId": 25
  },
  {
    "code": "102280",
    "name": "쌍방울",
    "wpCategoryId": 25
  },
  {
    "code": "003350",
    "name": "한국화장품제조",
    "wpCategoryId": 25
  },
  {
    "code": "234080",
    "name": "JW생명과학",
    "wpCategoryId": 25
  },
  {
    "code": "060980",
    "name": "HL홀딩스",
    "wpCategoryId": 25
  },
  {
    "code": "415640",
    "name": "KB발해인프라",
    "wpCategoryId": 25
  },
  {
    "code": "001080",
    "name": "만호제강",
    "wpCategoryId": 25
  },
  {
    "code": "012750",
    "name": "에스원",
    "wpCategoryId": 25
  },
  {
    "code": "001380",
    "name": "SG글로벌",
    "wpCategoryId": 25
  },
  {
    "code": "000210",
    "name": "DL",
    "wpCategoryId": 25
  },
  {
    "code": "015860",
    "name": "일진홀딩스",
    "wpCategoryId": 25
  },
  {
    "code": "001720",
    "name": "신영증권",
    "wpCategoryId": 25
  },
  {
    "code": "011930",
    "name": "신성이엔지",
    "wpCategoryId": 25
  },
  {
    "code": "214320",
    "name": "이노션",
    "wpCategoryId": 25
  },
  {
    "code": "000640",
    "name": "동아쏘시오홀딩스",
    "wpCategoryId": 25
  },
  {
    "code": "003280",
    "name": "흥아해운",
    "wpCategoryId": 25
  },
  {
    "code": "005360",
    "name": "모나미",
    "wpCategoryId": 25
  },
  {
    "code": "006120",
    "name": "SK디스커버리",
    "wpCategoryId": 25
  },
  {
    "code": "000670",
    "name": "영풍",
    "wpCategoryId": 25
  },
  {
    "code": "047040",
    "name": "대우건설",
    "wpCategoryId": 25
  },
  {
    "code": "194370",
    "name": "제이에스코퍼레이션",
    "wpCategoryId": 25
  },
  {
    "code": "03473K",
    "name": "SK우",
    "wpCategoryId": 25
  },
  {
    "code": "004690",
    "name": "삼천리",
    "wpCategoryId": 25
  },
  {
    "code": "025540",
    "name": "한국단자",
    "wpCategoryId": 25
  },
  {
    "code": "007340",
    "name": "DN오토모티브",
    "wpCategoryId": 25
  },
  {
    "code": "000370",
    "name": "한화손해보험",
    "wpCategoryId": 25
  },
  {
    "code": "031210",
    "name": "서울보증보험",
    "wpCategoryId": 25
  },
  {
    "code": "456040",
    "name": "OCI",
    "wpCategoryId": 25
  },
  {
    "code": "058730",
    "name": "다스코",
    "wpCategoryId": 25
  },
  {
    "code": "181710",
    "name": "NHN",
    "wpCategoryId": 25
  },
  {
    "code": "004000",
    "name": "롯데정밀화학",
    "wpCategoryId": 25
  },
  {
    "code": "034310",
    "name": "NICE",
    "wpCategoryId": 25
  },
  {
    "code": "192080",
    "name": "더블유게임즈",
    "wpCategoryId": 25
  },
  {
    "code": "000080",
    "name": "하이트진로",
    "wpCategoryId": 25
  },
  {
    "code": "001820",
    "name": "삼화콘덴서",
    "wpCategoryId": 25
  },
  {
    "code": "003850",
    "name": "보령",
    "wpCategoryId": 25
  },
  {
    "code": "006405",
    "name": "삼성SDI우",
    "wpCategoryId": 25
  },
  {
    "code": "026960",
    "name": "동서",
    "wpCategoryId": 25
  },
  {
    "code": "35320K",
    "name": "대덕전자1우",
    "wpCategoryId": 25
  },
  {
    "code": "009290",
    "name": "광동제약",
    "wpCategoryId": 25
  },
  {
    "code": "029460",
    "name": "케이씨",
    "wpCategoryId": 25
  },
  {
    "code": "011690",
    "name": "와이투솔루션",
    "wpCategoryId": 25
  },
  {
    "code": "024720",
    "name": "콜마홀딩스",
    "wpCategoryId": 25
  },
  {
    "code": "357120",
    "name": "코람코라이프인프라리츠",
    "wpCategoryId": 25
  },
  {
    "code": "395400",
    "name": "SK리츠",
    "wpCategoryId": 25
  },
  {
    "code": "008970",
    "name": "KBI동양철관",
    "wpCategoryId": 25
  },
  {
    "code": "002710",
    "name": "TCC스틸",
    "wpCategoryId": 25
  },
  {
    "code": "006040",
    "name": "동원산업",
    "wpCategoryId": 25
  },
  {
    "code": "365550",
    "name": "ESR켄달스퀘어리츠",
    "wpCategoryId": 25
  },
  {
    "code": "192400",
    "name": "쿠쿠홀딩스",
    "wpCategoryId": 25
  },
  {
    "code": "003545",
    "name": "대신증권우",
    "wpCategoryId": 25
  },
  {
    "code": "462870",
    "name": "시프트업",
    "wpCategoryId": 25
  },
  {
    "code": "001800",
    "name": "오리온홀딩스",
    "wpCategoryId": 25
  },
  {
    "code": "016610",
    "name": "DB증권",
    "wpCategoryId": 25
  },
  {
    "code": "017940",
    "name": "E1",
    "wpCategoryId": 25
  },
  {
    "code": "383800",
    "name": "LX홀딩스",
    "wpCategoryId": 25
  },
  {
    "code": "000240",
    "name": "한국앤컴퍼니",
    "wpCategoryId": 25
  },
  {
    "code": "002350",
    "name": "넥센타이어",
    "wpCategoryId": 25
  },
  {
    "code": "092790",
    "name": "넥스틸",
    "wpCategoryId": 25
  },
  {
    "code": "000157",
    "name": "두산2우B",
    "wpCategoryId": 25
  },
  {
    "code": "010820",
    "name": "퍼스텍",
    "wpCategoryId": 25
  },
  {
    "code": "005180",
    "name": "빙그레",
    "wpCategoryId": 25
  },
  {
    "code": "053690",
    "name": "한미글로벌",
    "wpCategoryId": 25
  },
  {
    "code": "018470",
    "name": "조일알미늄",
    "wpCategoryId": 25
  },
  {
    "code": "023590",
    "name": "다우기술",
    "wpCategoryId": 25
  },
  {
    "code": "017810",
    "name": "풀무원",
    "wpCategoryId": 25
  },
  {
    "code": "000490",
    "name": "대동",
    "wpCategoryId": 25
  },
  {
    "code": "005440",
    "name": "현대지에프홀딩스",
    "wpCategoryId": 25
  },
  {
    "code": "001270",
    "name": "부국증권",
    "wpCategoryId": 25
  },
  {
    "code": "460860",
    "name": "동국제강",
    "wpCategoryId": 25
  },
  {
    "code": "001680",
    "name": "대상",
    "wpCategoryId": 25
  },
  {
    "code": "010955",
    "name": "S-Oil우",
    "wpCategoryId": 25
  },
  {
    "code": "001430",
    "name": "세아베스틸지주",
    "wpCategoryId": 25
  },
  {
    "code": "002960",
    "name": "한국쉘석유",
    "wpCategoryId": 25
  },
  {
    "code": "003470",
    "name": "유안타증권",
    "wpCategoryId": 25
  },
  {
    "code": "069260",
    "name": "TKG휴켐스",
    "wpCategoryId": 25
  },
  {
    "code": "008490",
    "name": "서흥",
    "wpCategoryId": 25
  },
  {
    "code": "192650",
    "name": "드림텍",
    "wpCategoryId": 25
  },
  {
    "code": "330590",
    "name": "롯데리츠",
    "wpCategoryId": 25
  },
  {
    "code": "001060",
    "name": "JW중외제약",
    "wpCategoryId": 25
  },
  {
    "code": "014830",
    "name": "유니드",
    "wpCategoryId": 25
  },
  {
    "code": "003000",
    "name": "부광약품",
    "wpCategoryId": 25
  },
  {
    "code": "064960",
    "name": "SNT모티브",
    "wpCategoryId": 25
  },
  {
    "code": "025820",
    "name": "이구산업",
    "wpCategoryId": 25
  },
  {
    "code": "001520",
    "name": "동양",
    "wpCategoryId": 25
  },
  {
    "code": "950210",
    "name": "프레스티지바이오파마",
    "wpCategoryId": 25
  },
  {
    "code": "02826K",
    "name": "삼성물산우B",
    "wpCategoryId": 25
  },
  {
    "code": "007815",
    "name": "코리아써우",
    "wpCategoryId": 25
  },
  {
    "code": "003240",
    "name": "태광산업",
    "wpCategoryId": 25
  },
  {
    "code": "009470",
    "name": "삼화전기",
    "wpCategoryId": 25
  },
  {
    "code": "017860",
    "name": "DS단석",
    "wpCategoryId": 25
  },
  {
    "code": "089860",
    "name": "롯데렌탈",
    "wpCategoryId": 25
  },
  {
    "code": "093050",
    "name": "LF",
    "wpCategoryId": 25
  },
  {
    "code": "006660",
    "name": "삼성공조",
    "wpCategoryId": 25
  },
  {
    "code": "003030",
    "name": "세아제강지주",
    "wpCategoryId": 25
  },
  {
    "code": "011500",
    "name": "한농화성",
    "wpCategoryId": 25
  },
  {
    "code": "011000",
    "name": "진원생명과학",
    "wpCategoryId": 25
  },
  {
    "code": "381970",
    "name": "케이카",
    "wpCategoryId": 25
  },
  {
    "code": "005945",
    "name": "NH투자증권우",
    "wpCategoryId": 25
  },
  {
    "code": "005810",
    "name": "풍산홀딩스",
    "wpCategoryId": 25
  },
  {
    "code": "004100",
    "name": "태양금속",
    "wpCategoryId": 25
  },
  {
    "code": "002320",
    "name": "한진",
    "wpCategoryId": 25
  },
  {
    "code": "010660",
    "name": "화천기계",
    "wpCategoryId": 25
  },
  {
    "code": "068290",
    "name": "삼성출판사",
    "wpCategoryId": 25
  },
  {
    "code": "001510",
    "name": "SK증권",
    "wpCategoryId": 25
  },
  {
    "code": "008060",
    "name": "대덕",
    "wpCategoryId": 25
  },
  {
    "code": "004710",
    "name": "한솔테크닉스",
    "wpCategoryId": 25
  },
  {
    "code": "300720",
    "name": "한일시멘트",
    "wpCategoryId": 25
  },
  {
    "code": "005500",
    "name": "삼진제약",
    "wpCategoryId": 25
  },
  {
    "code": "025620",
    "name": "제이준코스메틱",
    "wpCategoryId": 25
  },
  {
    "code": "010690",
    "name": "화신",
    "wpCategoryId": 25
  },
  {
    "code": "000910",
    "name": "유니온",
    "wpCategoryId": 25
  },
  {
    "code": "334890",
    "name": "이지스밸류플러스리츠",
    "wpCategoryId": 25
  },
  {
    "code": "085620",
    "name": "미래에셋생명",
    "wpCategoryId": 25
  },
  {
    "code": "097520",
    "name": "엠씨넥스",
    "wpCategoryId": 25
  },
  {
    "code": "084690",
    "name": "대상홀딩스",
    "wpCategoryId": 25
  },
  {
    "code": "010960",
    "name": "삼호개발",
    "wpCategoryId": 25
  },
  {
    "code": "001045",
    "name": "CJ우",
    "wpCategoryId": 25
  },
  {
    "code": "009270",
    "name": "신원",
    "wpCategoryId": 25
  },
  {
    "code": "272450",
    "name": "진에어",
    "wpCategoryId": 25
  },
  {
    "code": "011330",
    "name": "유니켐",
    "wpCategoryId": 25
  },
  {
    "code": "033270",
    "name": "유나이티드제약",
    "wpCategoryId": 25
  },
  {
    "code": "248170",
    "name": "샘표식품",
    "wpCategoryId": 25
  },
  {
    "code": "137310",
    "name": "에스디바이오센서",
    "wpCategoryId": 25
  },
  {
    "code": "006805",
    "name": "미래에셋증권우",
    "wpCategoryId": 25
  },
  {
    "code": "069460",
    "name": "대호에이엘",
    "wpCategoryId": 25
  },
  {
    "code": "030190",
    "name": "NICE평가정보",
    "wpCategoryId": 25
  },
  {
    "code": "170900",
    "name": "동아에스티",
    "wpCategoryId": 25
  },
  {
    "code": "090370",
    "name": "메타랩스",
    "wpCategoryId": 25
  },
  {
    "code": "095570",
    "name": "AJ네트웍스",
    "wpCategoryId": 25
  },
  {
    "code": "005250",
    "name": "녹십자홀딩스",
    "wpCategoryId": 25
  },
  {
    "code": "487570",
    "name": "HS효성",
    "wpCategoryId": 25
  },
  {
    "code": "003960",
    "name": "사조대림",
    "wpCategoryId": 25
  },
  {
    "code": "002630",
    "name": "오리엔트바이오",
    "wpCategoryId": 25
  },
  {
    "code": "001750",
    "name": "한양증권",
    "wpCategoryId": 25
  },
  {
    "code": "481850",
    "name": "신한글로벌액티브리츠",
    "wpCategoryId": 25
  },
  {
    "code": "293940",
    "name": "신한알파리츠",
    "wpCategoryId": 25
  },
  {
    "code": "400760",
    "name": "NH올원리츠",
    "wpCategoryId": 25
  },
  {
    "code": "348950",
    "name": "제이알글로벌리츠",
    "wpCategoryId": 25
  },
  {
    "code": "036530",
    "name": "SNT홀딩스",
    "wpCategoryId": 25
  },
  {
    "code": "002310",
    "name": "아세아제지",
    "wpCategoryId": 25
  },
  {
    "code": "00279K",
    "name": "아모레퍼시픽홀딩스3우C",
    "wpCategoryId": 25
  },
  {
    "code": "016740",
    "name": "두올",
    "wpCategoryId": 25
  },
  {
    "code": "008500",
    "name": "일정실업",
    "wpCategoryId": 25
  },
  {
    "code": "006110",
    "name": "삼아알미늄",
    "wpCategoryId": 25
  },
  {
    "code": "004140",
    "name": "동방",
    "wpCategoryId": 25
  },
  {
    "code": "015360",
    "name": "INVENI",
    "wpCategoryId": 25
  },
  {
    "code": "306200",
    "name": "세아제강",
    "wpCategoryId": 25
  },
  {
    "code": "000680",
    "name": "LS네트웍스",
    "wpCategoryId": 25
  },
  {
    "code": "000650",
    "name": "천일고속",
    "wpCategoryId": 25
  },
  {
    "code": "009070",
    "name": "KCTC",
    "wpCategoryId": 25
  },
  {
    "code": "030610",
    "name": "교보증권",
    "wpCategoryId": 25
  },
  {
    "code": "007690",
    "name": "국도화학",
    "wpCategoryId": 25
  },
  {
    "code": "007980",
    "name": "TP",
    "wpCategoryId": 25
  },
  {
    "code": "092220",
    "name": "KEC",
    "wpCategoryId": 25
  },
  {
    "code": "011785",
    "name": "금호석유화학우",
    "wpCategoryId": 25
  },
  {
    "code": "077500",
    "name": "유니퀘스트",
    "wpCategoryId": 25
  },
  {
    "code": "091810",
    "name": "티웨이항공",
    "wpCategoryId": 25
  },
  {
    "code": "006220",
    "name": "제주은행",
    "wpCategoryId": 25
  },
  {
    "code": "344820",
    "name": "KCC글라스",
    "wpCategoryId": 25
  },
  {
    "code": "000320",
    "name": "노루홀딩스",
    "wpCategoryId": 25
  },
  {
    "code": "145990",
    "name": "삼양사",
    "wpCategoryId": 25
  },
  {
    "code": "011760",
    "name": "현대코퍼레이션",
    "wpCategoryId": 25
  },
  {
    "code": "001460",
    "name": "BYC",
    "wpCategoryId": 25
  },
  {
    "code": "130660",
    "name": "한전산업",
    "wpCategoryId": 25
  },
  {
    "code": "005750",
    "name": "대림바스",
    "wpCategoryId": 25
  },
  {
    "code": "200880",
    "name": "서연이화",
    "wpCategoryId": 25
  },
  {
    "code": "002030",
    "name": "아세아",
    "wpCategoryId": 25
  },
  {
    "code": "003220",
    "name": "대원제약",
    "wpCategoryId": 25
  },
  {
    "code": "451800",
    "name": "한화리츠",
    "wpCategoryId": 25
  },
  {
    "code": "210540",
    "name": "디와이파워",
    "wpCategoryId": 25
  },
  {
    "code": "008040",
    "name": "사조동아원",
    "wpCategoryId": 25
  },
  {
    "code": "051905",
    "name": "LG생활건강우",
    "wpCategoryId": 25
  },
  {
    "code": "002240",
    "name": "고려제강",
    "wpCategoryId": 25
  },
  {
    "code": "001500",
    "name": "현대차증권",
    "wpCategoryId": 25
  },
  {
    "code": "284740",
    "name": "쿠쿠홈시스",
    "wpCategoryId": 25
  },
  {
    "code": "003520",
    "name": "영진약품",
    "wpCategoryId": 25
  },
  {
    "code": "082640",
    "name": "동양생명",
    "wpCategoryId": 25
  },
  {
    "code": "003620",
    "name": "KG모빌리티",
    "wpCategoryId": 25
  },
  {
    "code": "070960",
    "name": "모나용평",
    "wpCategoryId": 25
  },
  {
    "code": "017390",
    "name": "서울가스",
    "wpCategoryId": 25
  },
  {
    "code": "453340",
    "name": "현대그린푸드",
    "wpCategoryId": 25
  },
  {
    "code": "452260",
    "name": "한화갤러리아",
    "wpCategoryId": 25
  },
  {
    "code": "183190",
    "name": "아세아시멘트",
    "wpCategoryId": 25
  },
  {
    "code": "001740",
    "name": "SK네트웍스",
    "wpCategoryId": 25
  },
  {
    "code": "136490",
    "name": "선진",
    "wpCategoryId": 25
  },
  {
    "code": "007700",
    "name": "F&F홀딩스",
    "wpCategoryId": 25
  },
  {
    "code": "002700",
    "name": "신일전자",
    "wpCategoryId": 25
  },
  {
    "code": "475560",
    "name": "더본코리아",
    "wpCategoryId": 25
  },
  {
    "code": "108670",
    "name": "LX하우시스",
    "wpCategoryId": 25
  },
  {
    "code": "000105",
    "name": "유한양행우",
    "wpCategoryId": 25
  },
  {
    "code": "034120",
    "name": "SBS",
    "wpCategoryId": 25
  },
  {
    "code": "034830",
    "name": "한국토지신탁",
    "wpCategoryId": 25
  },
  {
    "code": "009240",
    "name": "한샘",
    "wpCategoryId": 25
  },
  {
    "code": "031430",
    "name": "신세계인터내셔날",
    "wpCategoryId": 25
  },
  {
    "code": "002840",
    "name": "미원상사",
    "wpCategoryId": 25
  },
  {
    "code": "020560",
    "name": "아시아나항공",
    "wpCategoryId": 25
  },
  {
    "code": "210980",
    "name": "SK디앤디",
    "wpCategoryId": 25
  },
  {
    "code": "126560",
    "name": "현대퓨처넷",
    "wpCategoryId": 25
  },
  {
    "code": "003547",
    "name": "대신증권2우B",
    "wpCategoryId": 25
  },
  {
    "code": "089590",
    "name": "제주항공",
    "wpCategoryId": 25
  },
  {
    "code": "448730",
    "name": "삼성FN리츠",
    "wpCategoryId": 25
  },
  {
    "code": "010580",
    "name": "에스엠벡셀",
    "wpCategoryId": 25
  },
  {
    "code": "005090",
    "name": "SGC에너지",
    "wpCategoryId": 25
  },
  {
    "code": "45014K",
    "name": "코오롱모빌리티그룹우",
    "wpCategoryId": 25
  },
  {
    "code": "001790",
    "name": "대한제당",
    "wpCategoryId": 25
  },
  {
    "code": "005010",
    "name": "휴스틸",
    "wpCategoryId": 25
  },
  {
    "code": "271940",
    "name": "일진하이솔루스",
    "wpCategoryId": 25
  },
  {
    "code": "001340",
    "name": "PKC",
    "wpCategoryId": 25
  },
  {
    "code": "044820",
    "name": "코스맥스비티아이",
    "wpCategoryId": 25
  },
  {
    "code": "339770",
    "name": "교촌에프앤비",
    "wpCategoryId": 25
  },
  {
    "code": "097955",
    "name": "CJ제일제당 우",
    "wpCategoryId": 25
  },
  {
    "code": "057050",
    "name": "현대홈쇼핑",
    "wpCategoryId": 25
  },
  {
    "code": "002720",
    "name": "국제약품",
    "wpCategoryId": 25
  },
  {
    "code": "011700",
    "name": "한신기계",
    "wpCategoryId": 25
  },
  {
    "code": "025560",
    "name": "미래산업",
    "wpCategoryId": 25
  },
  {
    "code": "007110",
    "name": "일신석재",
    "wpCategoryId": 25
  },
  {
    "code": "029530",
    "name": "신도리코",
    "wpCategoryId": 25
  },
  {
    "code": "003780",
    "name": "진양산업",
    "wpCategoryId": 25
  },
  {
    "code": "018250",
    "name": "애경산업",
    "wpCategoryId": 25
  },
  {
    "code": "009900",
    "name": "명신산업",
    "wpCategoryId": 25
  },
  {
    "code": "271980",
    "name": "제일약품",
    "wpCategoryId": 25
  },
  {
    "code": "026890",
    "name": "스틱인베스트먼트",
    "wpCategoryId": 25
  },
  {
    "code": "417310",
    "name": "코람코더원리츠",
    "wpCategoryId": 25
  },
  {
    "code": "006345",
    "name": "대원전선우",
    "wpCategoryId": 25
  },
  {
    "code": "014580",
    "name": "태경비케이",
    "wpCategoryId": 25
  },
  {
    "code": "003480",
    "name": "한진중공업홀딩스",
    "wpCategoryId": 25
  },
  {
    "code": "058860",
    "name": "KTis",
    "wpCategoryId": 25
  },
  {
    "code": "011420",
    "name": "갤럭시아에스엠",
    "wpCategoryId": 25
  },
  {
    "code": "071090",
    "name": "하이스틸",
    "wpCategoryId": 25
  },
  {
    "code": "001130",
    "name": "대한제분",
    "wpCategoryId": 25
  },
  {
    "code": "012800",
    "name": "대창",
    "wpCategoryId": 25
  },
  {
    "code": "006060",
    "name": "화승인더",
    "wpCategoryId": 25
  },
  {
    "code": "432320",
    "name": "KB스타리츠",
    "wpCategoryId": 25
  },
  {
    "code": "003555",
    "name": "LG우",
    "wpCategoryId": 25
  },
  {
    "code": "015230",
    "name": "대창단조",
    "wpCategoryId": 25
  },
  {
    "code": "058850",
    "name": "KTcs",
    "wpCategoryId": 25
  },
  {
    "code": "138490",
    "name": "코오롱ENP",
    "wpCategoryId": 25
  },
  {
    "code": "007540",
    "name": "샘표",
    "wpCategoryId": 25
  },
  {
    "code": "010780",
    "name": "아이에스동서",
    "wpCategoryId": 25
  },
  {
    "code": "096760",
    "name": "JW홀딩스",
    "wpCategoryId": 25
  },
  {
    "code": "016380",
    "name": "KG스틸",
    "wpCategoryId": 25
  },
  {
    "code": "014440",
    "name": "영보화학",
    "wpCategoryId": 25
  },
  {
    "code": "016590",
    "name": "신대양제지",
    "wpCategoryId": 25
  },
  {
    "code": "28513K",
    "name": "SK케미칼우",
    "wpCategoryId": 25
  },
  {
    "code": "013520",
    "name": "화승코퍼레이션",
    "wpCategoryId": 25
  },
  {
    "code": "001250",
    "name": "GS글로벌",
    "wpCategoryId": 25
  },
  {
    "code": "000020",
    "name": "동화약품",
    "wpCategoryId": 25
  },
  {
    "code": "377740",
    "name": "바이오노트",
    "wpCategoryId": 25
  },
  {
    "code": "013580",
    "name": "계룡건설",
    "wpCategoryId": 25
  },
  {
    "code": "338100",
    "name": "NH프라임리츠",
    "wpCategoryId": 25
  },
  {
    "code": "030210",
    "name": "다올투자증권",
    "wpCategoryId": 25
  },
  {
    "code": "004090",
    "name": "한국석유",
    "wpCategoryId": 25
  },
  {
    "code": "001940",
    "name": "KISCO홀딩스",
    "wpCategoryId": 25
  },
  {
    "code": "123890",
    "name": "한국자산신탁",
    "wpCategoryId": 25
  },
  {
    "code": "025000",
    "name": "KPX케미칼",
    "wpCategoryId": 25
  },
  {
    "code": "003200",
    "name": "일신방직",
    "wpCategoryId": 25
  },
  {
    "code": "120115",
    "name": "코오롱인더우",
    "wpCategoryId": 25
  },
  {
    "code": "090350",
    "name": "노루페인트",
    "wpCategoryId": 25
  },
  {
    "code": "900140",
    "name": "엘브이엠씨홀딩스",
    "wpCategoryId": 25
  },
  {
    "code": "007860",
    "name": "서연",
    "wpCategoryId": 25
  },
  {
    "code": "004360",
    "name": "세방",
    "wpCategoryId": 25
  },
  {
    "code": "092230",
    "name": "KPX홀딩스",
    "wpCategoryId": 25
  },
  {
    "code": "031440",
    "name": "신세계푸드",
    "wpCategoryId": 25
  },
  {
    "code": "019490",
    "name": "엑시큐어하이트론",
    "wpCategoryId": 25
  },
  {
    "code": "003010",
    "name": "혜인",
    "wpCategoryId": 25
  },
  {
    "code": "000215",
    "name": "DL우",
    "wpCategoryId": 25
  },
  {
    "code": "078000",
    "name": "텔코웨어",
    "wpCategoryId": 25
  },
  {
    "code": "003580",
    "name": "HLB글로벌",
    "wpCategoryId": 25
  },
  {
    "code": "009680",
    "name": "모토닉",
    "wpCategoryId": 25
  },
  {
    "code": "072130",
    "name": "유엔젤",
    "wpCategoryId": 25
  },
  {
    "code": "003300",
    "name": "한일홀딩스",
    "wpCategoryId": 25
  },
  {
    "code": "014790",
    "name": "HL D&I",
    "wpCategoryId": 25
  },
  {
    "code": "004150",
    "name": "한솔홀딩스",
    "wpCategoryId": 25
  },
  {
    "code": "012030",
    "name": "DB",
    "wpCategoryId": 25
  },
  {
    "code": "133820",
    "name": "화인베스틸",
    "wpCategoryId": 25
  },
  {
    "code": "033920",
    "name": "무학",
    "wpCategoryId": 25
  },
  {
    "code": "005430",
    "name": "한국공항",
    "wpCategoryId": 25
  },
  {
    "code": "020120",
    "name": "키다리스튜디오",
    "wpCategoryId": 25
  },
  {
    "code": "001360",
    "name": "삼성제약",
    "wpCategoryId": 25
  },
  {
    "code": "014820",
    "name": "동원시스템즈",
    "wpCategoryId": 25
  },
  {
    "code": "005610",
    "name": "SPC삼립",
    "wpCategoryId": 25
  },
  {
    "code": "241590",
    "name": "화승엔터프라이즈",
    "wpCategoryId": 25
  },
  {
    "code": "002795",
    "name": "아모레퍼시픽홀딩스우",
    "wpCategoryId": 25
  },
  {
    "code": "037710",
    "name": "광주신세계",
    "wpCategoryId": 25
  },
  {
    "code": "006890",
    "name": "태경케미컬",
    "wpCategoryId": 25
  },
  {
    "code": "000140",
    "name": "하이트진로홀딩스",
    "wpCategoryId": 25
  },
  {
    "code": "001780",
    "name": "알루코",
    "wpCategoryId": 25
  },
  {
    "code": "053210",
    "name": "스카이라이프",
    "wpCategoryId": 25
  },
  {
    "code": "001260",
    "name": "남광토건",
    "wpCategoryId": 25
  },
  {
    "code": "083420",
    "name": "그린케미칼",
    "wpCategoryId": 25
  },
  {
    "code": "036420",
    "name": "콘텐트리중앙",
    "wpCategoryId": 25
  },
  {
    "code": "004960",
    "name": "한신공영",
    "wpCategoryId": 25
  },
  {
    "code": "078935",
    "name": "GS우",
    "wpCategoryId": 25
  },
  {
    "code": "214330",
    "name": "금호에이치티",
    "wpCategoryId": 25
  },
  {
    "code": "009160",
    "name": "SIMPAC",
    "wpCategoryId": 25
  },
  {
    "code": "377190",
    "name": "디앤디플랫폼리츠",
    "wpCategoryId": 25
  },
  {
    "code": "000180",
    "name": "성창기업지주",
    "wpCategoryId": 25
  },
  {
    "code": "286940",
    "name": "롯데이노베이트",
    "wpCategoryId": 25
  },
  {
    "code": "044450",
    "name": "KSS해운",
    "wpCategoryId": 25
  },
  {
    "code": "104700",
    "name": "한국철강",
    "wpCategoryId": 25
  },
  {
    "code": "267290",
    "name": "경동도시가스",
    "wpCategoryId": 25
  },
  {
    "code": "004310",
    "name": "현대약품",
    "wpCategoryId": 25
  },
  {
    "code": "002220",
    "name": "한일철강",
    "wpCategoryId": 25
  },
  {
    "code": "035150",
    "name": "백산",
    "wpCategoryId": 25
  },
  {
    "code": "006880",
    "name": "신송홀딩스",
    "wpCategoryId": 25
  },
  {
    "code": "404990",
    "name": "신한서부티엔디리츠",
    "wpCategoryId": 25
  },
  {
    "code": "015890",
    "name": "태경산업",
    "wpCategoryId": 25
  },
  {
    "code": "004770",
    "name": "써니전자",
    "wpCategoryId": 25
  },
  {
    "code": "004430",
    "name": "송원산업",
    "wpCategoryId": 25
  },
  {
    "code": "017040",
    "name": "광명전기",
    "wpCategoryId": 25
  },
  {
    "code": "025860",
    "name": "남해화학",
    "wpCategoryId": 25
  },
  {
    "code": "002025",
    "name": "코오롱우",
    "wpCategoryId": 25
  },
  {
    "code": "009410",
    "name": "태영건설",
    "wpCategoryId": 25
  },
  {
    "code": "002990",
    "name": "금호건설",
    "wpCategoryId": 25
  },
  {
    "code": "023800",
    "name": "인지컨트롤스",
    "wpCategoryId": 25
  },
  {
    "code": "126720",
    "name": "수산인더스트리",
    "wpCategoryId": 25
  },
  {
    "code": "350520",
    "name": "이지스레지던스리츠",
    "wpCategoryId": 25
  },
  {
    "code": "044380",
    "name": "주연테크",
    "wpCategoryId": 25
  },
  {
    "code": "317400",
    "name": "자이에스앤디",
    "wpCategoryId": 25
  },
  {
    "code": "004410",
    "name": "서울식품",
    "wpCategoryId": 25
  },
  {
    "code": "213500",
    "name": "한솔제지",
    "wpCategoryId": 25
  },
  {
    "code": "027410",
    "name": "BGF",
    "wpCategoryId": 25
  },
  {
    "code": "055490",
    "name": "테이팩스",
    "wpCategoryId": 25
  },
  {
    "code": "102260",
    "name": "동성케미컬",
    "wpCategoryId": 25
  },
  {
    "code": "051630",
    "name": "진양화학",
    "wpCategoryId": 25
  },
  {
    "code": "084680",
    "name": "이월드",
    "wpCategoryId": 25
  },
  {
    "code": "33637K",
    "name": "솔루스첨단소재1우",
    "wpCategoryId": 25
  },
  {
    "code": "006840",
    "name": "AK홀딩스",
    "wpCategoryId": 25
  },
  {
    "code": "000860",
    "name": "강남제비스코",
    "wpCategoryId": 25
  },
  {
    "code": "001630",
    "name": "종근당홀딩스",
    "wpCategoryId": 25
  },
  {
    "code": "024090",
    "name": "디씨엠",
    "wpCategoryId": 25
  },
  {
    "code": "000430",
    "name": "대원강업",
    "wpCategoryId": 25
  },
  {
    "code": "034590",
    "name": "인천도시가스",
    "wpCategoryId": 25
  },
  {
    "code": "013890",
    "name": "지누스",
    "wpCategoryId": 25
  },
  {
    "code": "004980",
    "name": "성신양회",
    "wpCategoryId": 25
  },
  {
    "code": "396690",
    "name": "미래에셋글로벌리츠",
    "wpCategoryId": 25
  },
  {
    "code": "003920",
    "name": "남양유업",
    "wpCategoryId": 25
  },
  {
    "code": "094800",
    "name": "맵스리얼티",
    "wpCategoryId": 25
  },
  {
    "code": "268280",
    "name": "미원에스씨",
    "wpCategoryId": 25
  },
  {
    "code": "226320",
    "name": "잇츠한불",
    "wpCategoryId": 25
  },
  {
    "code": "010100",
    "name": "한국무브넥스",
    "wpCategoryId": 25
  },
  {
    "code": "010400",
    "name": "우진아이엔에스",
    "wpCategoryId": 25
  },
  {
    "code": "004830",
    "name": "덕성",
    "wpCategoryId": 25
  },
  {
    "code": "33626K",
    "name": "두산퓨얼셀1우",
    "wpCategoryId": 25
  },
  {
    "code": "000400",
    "name": "롯데손해보험",
    "wpCategoryId": 25
  },
  {
    "code": "009180",
    "name": "한솔로지스틱스",
    "wpCategoryId": 25
  },
  {
    "code": "001550",
    "name": "조비",
    "wpCategoryId": 25
  },
  {
    "code": "118000",
    "name": "메타케어",
    "wpCategoryId": 25
  },
  {
    "code": "067830",
    "name": "세이브존I&C",
    "wpCategoryId": 25
  },
  {
    "code": "008350",
    "name": "남선알미늄",
    "wpCategoryId": 25
  },
  {
    "code": "021820",
    "name": "세원정공",
    "wpCategoryId": 25
  },
  {
    "code": "016090",
    "name": "대현",
    "wpCategoryId": 25
  },
  {
    "code": "013570",
    "name": "디와이",
    "wpCategoryId": 25
  },
  {
    "code": "009810",
    "name": "플레이그램",
    "wpCategoryId": 25
  },
  {
    "code": "102460",
    "name": "이연제약",
    "wpCategoryId": 25
  },
  {
    "code": "096775",
    "name": "SK이노베이션우",
    "wpCategoryId": 25
  },
  {
    "code": "081000",
    "name": "일진다이아",
    "wpCategoryId": 25
  },
  {
    "code": "028100",
    "name": "동아지질",
    "wpCategoryId": 25
  },
  {
    "code": "002460",
    "name": "HS화성",
    "wpCategoryId": 25
  },
  {
    "code": "002100",
    "name": "경농",
    "wpCategoryId": 25
  },
  {
    "code": "035000",
    "name": "HS애드",
    "wpCategoryId": 25
  },
  {
    "code": "014160",
    "name": "대영포장",
    "wpCategoryId": 25
  },
  {
    "code": "009460",
    "name": "한창제지",
    "wpCategoryId": 25
  },
  {
    "code": "014990",
    "name": "인디에프",
    "wpCategoryId": 25
  },
  {
    "code": "011300",
    "name": "성안머티리얼스",
    "wpCategoryId": 25
  },
  {
    "code": "005680",
    "name": "삼영전자",
    "wpCategoryId": 25
  },
  {
    "code": "37550K",
    "name": "DL이앤씨우",
    "wpCategoryId": 25
  },
  {
    "code": "023350",
    "name": "한국종합기술",
    "wpCategoryId": 25
  },
  {
    "code": "016580",
    "name": "환인제약",
    "wpCategoryId": 25
  },
  {
    "code": "033250",
    "name": "체시스",
    "wpCategoryId": 25
  },
  {
    "code": "079430",
    "name": "현대리바트",
    "wpCategoryId": 25
  },
  {
    "code": "006370",
    "name": "대구백화점",
    "wpCategoryId": 25
  },
  {
    "code": "001685",
    "name": "대상우",
    "wpCategoryId": 25
  },
  {
    "code": "117580",
    "name": "대성에너지",
    "wpCategoryId": 25
  },
  {
    "code": "005960",
    "name": "동부건설",
    "wpCategoryId": 25
  },
  {
    "code": "000540",
    "name": "흥국화재",
    "wpCategoryId": 25
  },
  {
    "code": "003060",
    "name": "에이프로젠바이오로직스",
    "wpCategoryId": 25
  },
  {
    "code": "011230",
    "name": "삼화전자",
    "wpCategoryId": 25
  },
  {
    "code": "005870",
    "name": "휴니드",
    "wpCategoryId": 25
  },
  {
    "code": "088260",
    "name": "이리츠코크렙",
    "wpCategoryId": 25
  },
  {
    "code": "002355",
    "name": "넥센타이어1우B",
    "wpCategoryId": 25
  },
  {
    "code": "122900",
    "name": "아이마켓코리아",
    "wpCategoryId": 25
  },
  {
    "code": "462520",
    "name": "조선내화",
    "wpCategoryId": 25
  },
  {
    "code": "006490",
    "name": "인스코비",
    "wpCategoryId": 25
  },
  {
    "code": "001230",
    "name": "동국홀딩스",
    "wpCategoryId": 25
  },
  {
    "code": "008700",
    "name": "아남전자",
    "wpCategoryId": 25
  },
  {
    "code": "006090",
    "name": "사조오양",
    "wpCategoryId": 25
  },
  {
    "code": "002200",
    "name": "한국수출포장",
    "wpCategoryId": 25
  },
  {
    "code": "017550",
    "name": "수산세보틱스",
    "wpCategoryId": 25
  },
  {
    "code": "089470",
    "name": "HDC현대EP",
    "wpCategoryId": 25
  },
  {
    "code": "004720",
    "name": "팜젠사이언스",
    "wpCategoryId": 25
  },
  {
    "code": "003535",
    "name": "한화투자증권우",
    "wpCategoryId": 25
  },
  {
    "code": "063160",
    "name": "종근당바이오",
    "wpCategoryId": 25
  },
  {
    "code": "039570",
    "name": "HDC랩스",
    "wpCategoryId": 25
  },
  {
    "code": "058430",
    "name": "포스코스틸리온",
    "wpCategoryId": 25
  },
  {
    "code": "002360",
    "name": "SH에너지화학",
    "wpCategoryId": 25
  },
  {
    "code": "002150",
    "name": "도화엔지니어링",
    "wpCategoryId": 25
  },
  {
    "code": "023960",
    "name": "에쓰씨엔지니어링",
    "wpCategoryId": 25
  },
  {
    "code": "000970",
    "name": "한국주철관",
    "wpCategoryId": 25
  },
  {
    "code": "004700",
    "name": "조광피혁",
    "wpCategoryId": 25
  },
  {
    "code": "163560",
    "name": "동일고무벨트",
    "wpCategoryId": 25
  },
  {
    "code": "272550",
    "name": "삼양패키징",
    "wpCategoryId": 25
  },
  {
    "code": "008260",
    "name": "NI스틸",
    "wpCategoryId": 25
  },
  {
    "code": "101530",
    "name": "해태제과식품",
    "wpCategoryId": 25
  },
  {
    "code": "004910",
    "name": "조광페인트",
    "wpCategoryId": 25
  },
  {
    "code": "037560",
    "name": "LG헬로비전",
    "wpCategoryId": 25
  },
  {
    "code": "016710",
    "name": "대성홀딩스",
    "wpCategoryId": 25
  },
  {
    "code": "003080",
    "name": "SB성보",
    "wpCategoryId": 25
  },
  {
    "code": "33637L",
    "name": "솔루스첨단소재2우B",
    "wpCategoryId": 25
  },
  {
    "code": "003925",
    "name": "남양유업우",
    "wpCategoryId": 25
  },
  {
    "code": "129260",
    "name": "인터지스",
    "wpCategoryId": 25
  },
  {
    "code": "005740",
    "name": "크라운해태홀딩스",
    "wpCategoryId": 25
  },
  {
    "code": "010640",
    "name": "진양폴리",
    "wpCategoryId": 25
  },
  {
    "code": "372910",
    "name": "한컴라이프케어",
    "wpCategoryId": 25
  },
  {
    "code": "002140",
    "name": "고려산업",
    "wpCategoryId": 25
  },
  {
    "code": "036580",
    "name": "팜스코",
    "wpCategoryId": 25
  },
  {
    "code": "084010",
    "name": "대한제강",
    "wpCategoryId": 25
  },
  {
    "code": "003460",
    "name": "유화증권",
    "wpCategoryId": 25
  },
  {
    "code": "009770",
    "name": "삼정펄프",
    "wpCategoryId": 25
  },
  {
    "code": "293480",
    "name": "하나제약",
    "wpCategoryId": 25
  },
  {
    "code": "002390",
    "name": "한독",
    "wpCategoryId": 25
  },
  {
    "code": "012320",
    "name": "경동인베스트",
    "wpCategoryId": 25
  },
  {
    "code": "100250",
    "name": "진양홀딩스",
    "wpCategoryId": 25
  },
  {
    "code": "000725",
    "name": "현대건설우",
    "wpCategoryId": 25
  },
  {
    "code": "008420",
    "name": "문배철강",
    "wpCategoryId": 25
  },
  {
    "code": "002780",
    "name": "진흥기업",
    "wpCategoryId": 25
  },
  {
    "code": "001210",
    "name": "금호전기",
    "wpCategoryId": 25
  },
  {
    "code": "017180",
    "name": "명문제약",
    "wpCategoryId": 25
  },
  {
    "code": "003070",
    "name": "코오롱글로벌",
    "wpCategoryId": 25
  },
  {
    "code": "006125",
    "name": "SK디스커버리우",
    "wpCategoryId": 25
  },
  {
    "code": "009190",
    "name": "대양금속",
    "wpCategoryId": 25
  },
  {
    "code": "071840",
    "name": "롯데하이마트",
    "wpCategoryId": 25
  },
  {
    "code": "024900",
    "name": "디와이덕양",
    "wpCategoryId": 25
  },
  {
    "code": "005720",
    "name": "넥센",
    "wpCategoryId": 25
  },
  {
    "code": "019440",
    "name": "세아특수강",
    "wpCategoryId": 25
  },
  {
    "code": "031820",
    "name": "아이티센씨티에스",
    "wpCategoryId": 25
  },
  {
    "code": "069730",
    "name": "DSR제강",
    "wpCategoryId": 25
  },
  {
    "code": "004540",
    "name": "깨끗한나라",
    "wpCategoryId": 25
  },
  {
    "code": "214390",
    "name": "경보제약",
    "wpCategoryId": 25
  },
  {
    "code": "004560",
    "name": "현대비앤지스틸",
    "wpCategoryId": 25
  },
  {
    "code": "009835",
    "name": "한화솔루션우",
    "wpCategoryId": 25
  },
  {
    "code": "000700",
    "name": "유수홀딩스",
    "wpCategoryId": 25
  },
  {
    "code": "002880",
    "name": "대유에이텍",
    "wpCategoryId": 25
  },
  {
    "code": "264900",
    "name": "크라운제과",
    "wpCategoryId": 25
  },
  {
    "code": "123700",
    "name": "SJM",
    "wpCategoryId": 25
  },
  {
    "code": "018500",
    "name": "동원금속",
    "wpCategoryId": 25
  },
  {
    "code": "465770",
    "name": "STX그린로지스",
    "wpCategoryId": 25
  },
  {
    "code": "120030",
    "name": "조선선재",
    "wpCategoryId": 25
  },
  {
    "code": "012170",
    "name": "아센디오",
    "wpCategoryId": 25
  },
  {
    "code": "019175",
    "name": "신풍제약우",
    "wpCategoryId": 25
  },
  {
    "code": "007210",
    "name": "벽산",
    "wpCategoryId": 25
  },
  {
    "code": "378850",
    "name": "화승알앤에이",
    "wpCategoryId": 25
  },
  {
    "code": "021050",
    "name": "서원",
    "wpCategoryId": 25
  },
  {
    "code": "019680",
    "name": "대교",
    "wpCategoryId": 25
  },
  {
    "code": "010770",
    "name": "평화홀딩스",
    "wpCategoryId": 25
  },
  {
    "code": "001290",
    "name": "상상인증권",
    "wpCategoryId": 25
  },
  {
    "code": "002450",
    "name": "삼익악기",
    "wpCategoryId": 25
  },
  {
    "code": "000480",
    "name": "CR홀딩스",
    "wpCategoryId": 25
  },
  {
    "code": "009200",
    "name": "무림페이퍼",
    "wpCategoryId": 25
  },
  {
    "code": "000220",
    "name": "유유제약",
    "wpCategoryId": 25
  },
  {
    "code": "000050",
    "name": "경방",
    "wpCategoryId": 25
  },
  {
    "code": "000850",
    "name": "화천기공",
    "wpCategoryId": 25
  },
  {
    "code": "004105",
    "name": "태양금속우",
    "wpCategoryId": 25
  },
  {
    "code": "012610",
    "name": "경인양행",
    "wpCategoryId": 25
  },
  {
    "code": "001070",
    "name": "대한방직",
    "wpCategoryId": 25
  },
  {
    "code": "011390",
    "name": "부산산업",
    "wpCategoryId": 25
  },
  {
    "code": "446070",
    "name": "유니드비티플러스",
    "wpCategoryId": 25
  },
  {
    "code": "000590",
    "name": "CS홀딩스",
    "wpCategoryId": 25
  },
  {
    "code": "100220",
    "name": "비상교육",
    "wpCategoryId": 25
  },
  {
    "code": "084695",
    "name": "대상홀딩스우",
    "wpCategoryId": 25
  },
  {
    "code": "014285",
    "name": "금강공업우",
    "wpCategoryId": 25
  },
  {
    "code": "015020",
    "name": "이스타코",
    "wpCategoryId": 25
  },
  {
    "code": "013360",
    "name": "일성건설",
    "wpCategoryId": 25
  },
  {
    "code": "460850",
    "name": "동국씨엠",
    "wpCategoryId": 25
  },
  {
    "code": "002810",
    "name": "삼영무역",
    "wpCategoryId": 25
  },
  {
    "code": "032560",
    "name": "황금에스티",
    "wpCategoryId": 25
  },
  {
    "code": "227840",
    "name": "현대코퍼레이션홀딩스",
    "wpCategoryId": 25
  },
  {
    "code": "18064K",
    "name": "한진칼우",
    "wpCategoryId": 25
  },
  {
    "code": "012280",
    "name": "영화금속",
    "wpCategoryId": 25
  },
  {
    "code": "014130",
    "name": "한익스프레스",
    "wpCategoryId": 25
  },
  {
    "code": "003650",
    "name": "미창석유",
    "wpCategoryId": 25
  },
  {
    "code": "004450",
    "name": "삼화왕관",
    "wpCategoryId": 25
  },
  {
    "code": "008870",
    "name": "금비",
    "wpCategoryId": 25
  },
  {
    "code": "139990",
    "name": "아주스틸",
    "wpCategoryId": 25
  },
  {
    "code": "002170",
    "name": "삼양통상",
    "wpCategoryId": 25
  },
  {
    "code": "002870",
    "name": "신풍",
    "wpCategoryId": 25
  },
  {
    "code": "002920",
    "name": "유성기업",
    "wpCategoryId": 25
  },
  {
    "code": "027970",
    "name": "한국제지",
    "wpCategoryId": 25
  },
  {
    "code": "094280",
    "name": "효성ITX",
    "wpCategoryId": 25
  },
  {
    "code": "005305",
    "name": "롯데칠성우",
    "wpCategoryId": 25
  },
  {
    "code": "267850",
    "name": "아시아나IDT",
    "wpCategoryId": 25
  },
  {
    "code": "026940",
    "name": "부국철강",
    "wpCategoryId": 25
  },
  {
    "code": "001465",
    "name": "BYC우",
    "wpCategoryId": 25
  },
  {
    "code": "004970",
    "name": "신라교역",
    "wpCategoryId": 25
  },
  {
    "code": "152550",
    "name": "한국ANKOR유전",
    "wpCategoryId": 25
  },
  {
    "code": "001795",
    "name": "대한제당우",
    "wpCategoryId": 25
  },
  {
    "code": "012690",
    "name": "모나리자",
    "wpCategoryId": 25
  },
  {
    "code": "001275",
    "name": "부국증권우",
    "wpCategoryId": 25
  },
  {
    "code": "37550L",
    "name": "DL이앤씨2우(전환)",
    "wpCategoryId": 25
  },
  {
    "code": "003120",
    "name": "일성아이에스",
    "wpCategoryId": 25
  },
  {
    "code": "357250",
    "name": "미래에셋맵스리츠",
    "wpCategoryId": 25
  },
  {
    "code": "003475",
    "name": "유안타증권우",
    "wpCategoryId": 25
  },
  {
    "code": "027740",
    "name": "마니커",
    "wpCategoryId": 25
  },
  {
    "code": "090080",
    "name": "평화산업",
    "wpCategoryId": 25
  },
  {
    "code": "403550",
    "name": "쏘카",
    "wpCategoryId": 25
  },
  {
    "code": "007280",
    "name": "한국특강",
    "wpCategoryId": 25
  },
  {
    "code": "017370",
    "name": "우신시스템",
    "wpCategoryId": 25
  },
  {
    "code": "095720",
    "name": "웅진씽크빅",
    "wpCategoryId": 25
  },
  {
    "code": "092780",
    "name": "DYP",
    "wpCategoryId": 25
  },
  {
    "code": "008775",
    "name": "호텔신라우",
    "wpCategoryId": 25
  },
  {
    "code": "013700",
    "name": "까뮤이앤씨",
    "wpCategoryId": 25
  },
  {
    "code": "013870",
    "name": "지엠비코리아",
    "wpCategoryId": 25
  },
  {
    "code": "079980",
    "name": "휴비스",
    "wpCategoryId": 25
  },
  {
    "code": "002760",
    "name": "보락",
    "wpCategoryId": 25
  },
  {
    "code": "000390",
    "name": "삼화페인트",
    "wpCategoryId": 25
  },
  {
    "code": "004250",
    "name": "NPC",
    "wpCategoryId": 25
  },
  {
    "code": "016450",
    "name": "한세예스24홀딩스",
    "wpCategoryId": 25
  },
  {
    "code": "004870",
    "name": "티웨이홀딩스",
    "wpCategoryId": 25
  },
  {
    "code": "002070",
    "name": "비비안",
    "wpCategoryId": 25
  },
  {
    "code": "023810",
    "name": "인팩",
    "wpCategoryId": 25
  },
  {
    "code": "111110",
    "name": "호전실업",
    "wpCategoryId": 25
  },
  {
    "code": "088790",
    "name": "진도",
    "wpCategoryId": 25
  },
  {
    "code": "008600",
    "name": "윌비스",
    "wpCategoryId": 25
  },
  {
    "code": "480370",
    "name": "씨케이솔루션",
    "wpCategoryId": 25
  },
  {
    "code": "009580",
    "name": "무림P&P",
    "wpCategoryId": 25
  },
  {
    "code": "004920",
    "name": "씨아이테크",
    "wpCategoryId": 25
  },
  {
    "code": "363280",
    "name": "티와이홀딩스",
    "wpCategoryId": 25
  },
  {
    "code": "006740",
    "name": "블루산업개발",
    "wpCategoryId": 25
  },
  {
    "code": "004840",
    "name": "DRB동일",
    "wpCategoryId": 25
  },
  {
    "code": "005800",
    "name": "신영와코루",
    "wpCategoryId": 25
  },
  {
    "code": "145270",
    "name": "케이탑리츠",
    "wpCategoryId": 25
  },
  {
    "code": "003495",
    "name": "대한항공우",
    "wpCategoryId": 25
  },
  {
    "code": "134790",
    "name": "시디즈",
    "wpCategoryId": 25
  },
  {
    "code": "017900",
    "name": "광전자",
    "wpCategoryId": 25
  },
  {
    "code": "004890",
    "name": "동일산업",
    "wpCategoryId": 25
  },
  {
    "code": "008250",
    "name": "이건산업",
    "wpCategoryId": 25
  },
  {
    "code": "013000",
    "name": "세우글로벌",
    "wpCategoryId": 25
  },
  {
    "code": "009140",
    "name": "경인전자",
    "wpCategoryId": 25
  },
  {
    "code": "005320",
    "name": "온타이드",
    "wpCategoryId": 25
  },
  {
    "code": "00781K",
    "name": "코리아써키트2우B",
    "wpCategoryId": 25
  },
  {
    "code": "000890",
    "name": "보해양조",
    "wpCategoryId": 25
  },
  {
    "code": "004440",
    "name": "삼일씨엔에스",
    "wpCategoryId": 25
  },
  {
    "code": "00499K",
    "name": "롯데지주우",
    "wpCategoryId": 25
  },
  {
    "code": "024890",
    "name": "대원화성",
    "wpCategoryId": 25
  },
  {
    "code": "109070",
    "name": "주성코퍼레이션",
    "wpCategoryId": 25
  },
  {
    "code": "025750",
    "name": "한솔홈데코",
    "wpCategoryId": 25
  },
  {
    "code": "155660",
    "name": "DSR",
    "wpCategoryId": 25
  },
  {
    "code": "101140",
    "name": "인바이오젠",
    "wpCategoryId": 25
  },
  {
    "code": "016800",
    "name": "퍼시스",
    "wpCategoryId": 25
  },
  {
    "code": "005820",
    "name": "원림",
    "wpCategoryId": 25
  },
  {
    "code": "004835",
    "name": "덕성우",
    "wpCategoryId": 25
  },
  {
    "code": "004080",
    "name": "신흥",
    "wpCategoryId": 25
  },
  {
    "code": "012160",
    "name": "영흥",
    "wpCategoryId": 25
  },
  {
    "code": "006200",
    "name": "한국전자홀딩스",
    "wpCategoryId": 25
  },
  {
    "code": "015260",
    "name": "에이엔피",
    "wpCategoryId": 25
  },
  {
    "code": "002420",
    "name": "세기상사",
    "wpCategoryId": 25
  },
  {
    "code": "002620",
    "name": "제일파마홀딩스",
    "wpCategoryId": 25
  },
  {
    "code": "004255",
    "name": "NPC우",
    "wpCategoryId": 25
  },
  {
    "code": "023000",
    "name": "삼원강재",
    "wpCategoryId": 25
  },
  {
    "code": "011280",
    "name": "태림포장",
    "wpCategoryId": 25
  },
  {
    "code": "357430",
    "name": "마스턴프리미어리츠",
    "wpCategoryId": 25
  },
  {
    "code": "023150",
    "name": "MH에탄올",
    "wpCategoryId": 25
  },
  {
    "code": "075180",
    "name": "새론오토모티브",
    "wpCategoryId": 25
  },
  {
    "code": "011155",
    "name": "CJ씨푸드1우",
    "wpCategoryId": 25
  },
  {
    "code": "005965",
    "name": "동부건설우",
    "wpCategoryId": 25
  },
  {
    "code": "009320",
    "name": "아진전자부품",
    "wpCategoryId": 25
  },
  {
    "code": "002690",
    "name": "동일제강",
    "wpCategoryId": 25
  },
  {
    "code": "145210",
    "name": "다이나믹디자인",
    "wpCategoryId": 25
  },
  {
    "code": "023450",
    "name": "동남합성",
    "wpCategoryId": 25
  },
  {
    "code": "001525",
    "name": "동양우",
    "wpCategoryId": 25
  },
  {
    "code": "025890",
    "name": "한국주강",
    "wpCategoryId": 25
  },
  {
    "code": "058650",
    "name": "세아홀딩스",
    "wpCategoryId": 25
  },
  {
    "code": "000950",
    "name": "전방",
    "wpCategoryId": 25
  },
  {
    "code": "025530",
    "name": "SJM홀딩스",
    "wpCategoryId": 25
  },
  {
    "code": "004270",
    "name": "남성",
    "wpCategoryId": 25
  },
  {
    "code": "084870",
    "name": "TBH글로벌",
    "wpCategoryId": 25
  },
  {
    "code": "143210",
    "name": "핸즈코퍼레이션",
    "wpCategoryId": 25
  },
  {
    "code": "007120",
    "name": "미래아이앤지",
    "wpCategoryId": 25
  },
  {
    "code": "011090",
    "name": "에넥스",
    "wpCategoryId": 25
  },
  {
    "code": "001020",
    "name": "페이퍼코리아",
    "wpCategoryId": 25
  },
  {
    "code": "006980",
    "name": "우성",
    "wpCategoryId": 25
  },
  {
    "code": "111380",
    "name": "동인기연",
    "wpCategoryId": 25
  },
  {
    "code": "069640",
    "name": "한세엠케이",
    "wpCategoryId": 25
  },
  {
    "code": "041650",
    "name": "상신브레이크",
    "wpCategoryId": 25
  },
  {
    "code": "000545",
    "name": "흥국화재우",
    "wpCategoryId": 25
  },
  {
    "code": "308170",
    "name": "씨티알모빌리티",
    "wpCategoryId": 25
  },
  {
    "code": "010040",
    "name": "한국내화",
    "wpCategoryId": 25
  },
  {
    "code": "014910",
    "name": "성문전자",
    "wpCategoryId": 25
  },
  {
    "code": "000040",
    "name": "KR모터스",
    "wpCategoryId": 25
  },
  {
    "code": "001755",
    "name": "한양증권우",
    "wpCategoryId": 25
  },
  {
    "code": "019685",
    "name": "대교우B",
    "wpCategoryId": 25
  },
  {
    "code": "001620",
    "name": "케이비아이동국실업",
    "wpCategoryId": 25
  },
  {
    "code": "002820",
    "name": "SUN&L",
    "wpCategoryId": 25
  },
  {
    "code": "001515",
    "name": "SK증권우",
    "wpCategoryId": 25
  },
  {
    "code": "004985",
    "name": "성신양회우",
    "wpCategoryId": 25
  },
  {
    "code": "33626L",
    "name": "두산퓨얼셀2우B",
    "wpCategoryId": 25
  },
  {
    "code": "049800",
    "name": "우진플라임",
    "wpCategoryId": 25
  },
  {
    "code": "001527",
    "name": "동양2우B",
    "wpCategoryId": 25
  },
  {
    "code": "000225",
    "name": "유유제약1우",
    "wpCategoryId": 25
  },
  {
    "code": "092440",
    "name": "기신정기",
    "wpCategoryId": 25
  },
  {
    "code": "000087",
    "name": "하이트진로2우B",
    "wpCategoryId": 25
  },
  {
    "code": "012200",
    "name": "계양전기",
    "wpCategoryId": 25
  },
  {
    "code": "000760",
    "name": "이화산업",
    "wpCategoryId": 25
  },
  {
    "code": "024070",
    "name": "WISCOM",
    "wpCategoryId": 25
  },
  {
    "code": "26490K",
    "name": "크라운제과우",
    "wpCategoryId": 25
  },
  {
    "code": "107590",
    "name": "미원홀딩스",
    "wpCategoryId": 25
  },
  {
    "code": "00806K",
    "name": "대덕1우",
    "wpCategoryId": 25
  },
  {
    "code": "005257",
    "name": "녹십자홀딩스2우",
    "wpCategoryId": 25
  },
  {
    "code": "134380",
    "name": "미원화학",
    "wpCategoryId": 25
  },
  {
    "code": "38380K",
    "name": "LX홀딩스1우",
    "wpCategoryId": 25
  },
  {
    "code": "108675",
    "name": "LX하우시스우",
    "wpCategoryId": 25
  },
  {
    "code": "007590",
    "name": "동방아그로",
    "wpCategoryId": 25
  },
  {
    "code": "36328K",
    "name": "티와이홀딩스우",
    "wpCategoryId": 25
  },
  {
    "code": "090355",
    "name": "노루페인트우",
    "wpCategoryId": 25
  },
  {
    "code": "004365",
    "name": "세방우",
    "wpCategoryId": 25
  },
  {
    "code": "001560",
    "name": "제일연마",
    "wpCategoryId": 25
  },
  {
    "code": "005725",
    "name": "넥센우",
    "wpCategoryId": 25
  },
  {
    "code": "145995",
    "name": "삼양사우",
    "wpCategoryId": 25
  },
  {
    "code": "001065",
    "name": "JW중외제약우",
    "wpCategoryId": 25
  },
  {
    "code": "001770",
    "name": "SHD",
    "wpCategoryId": 25
  },
  {
    "code": "005745",
    "name": "크라운해태홀딩스우",
    "wpCategoryId": 25
  },
  {
    "code": "014915",
    "name": "성문전자우",
    "wpCategoryId": 25
  },
  {
    "code": "001420",
    "name": "태원물산",
    "wpCategoryId": 25
  },
  {
    "code": "006570",
    "name": "대림통상",
    "wpCategoryId": 25
  },
  {
    "code": "002600",
    "name": "조흥",
    "wpCategoryId": 25
  },
  {
    "code": "003465",
    "name": "유화증권우",
    "wpCategoryId": 25
  },
  {
    "code": "000325",
    "name": "노루홀딩스우",
    "wpCategoryId": 25
  },
  {
    "code": "003830",
    "name": "대한화섬",
    "wpCategoryId": 25
  },
  {
    "code": "003075",
    "name": "코오롱글로벌우",
    "wpCategoryId": 25
  },
  {
    "code": "000227",
    "name": "유유제약2우B",
    "wpCategoryId": 25
  },
  {
    "code": "014825",
    "name": "동원시스템즈우",
    "wpCategoryId": 25
  },
  {
    "code": "009415",
    "name": "태영건설우",
    "wpCategoryId": 25
  },
  {
    "code": "004415",
    "name": "서울식품우",
    "wpCategoryId": 25
  },
  {
    "code": "002995",
    "name": "금호건설우",
    "wpCategoryId": 25
  },
  {
    "code": "002785",
    "name": "진흥기업우B",
    "wpCategoryId": 25
  },
  {
    "code": "008355",
    "name": "남선알미우",
    "wpCategoryId": 25
  },
  {
    "code": "45226K",
    "name": "한화갤러리아우",
    "wpCategoryId": 25
  },
  {
    "code": "012205",
    "name": "계양전기우",
    "wpCategoryId": 25
  },
  {
    "code": "004545",
    "name": "깨끗한나라우",
    "wpCategoryId": 25
  },
  {
    "code": "000145",
    "name": "하이트진로홀딩스우",
    "wpCategoryId": 25
  },
  {
    "code": "002787",
    "name": "진흥기업2우B",
    "wpCategoryId": 25
  },
  {
    "code": "001067",
    "name": "JW중외제약2우B",
    "wpCategoryId": 25
  },
  {
    "code": "000300",
    "name": "DH오토넥스",
    "wpCategoryId": 25
  },
  {
    "code": "015590",
    "name": "DKME",
    "wpCategoryId": 25
  },
  {
    "code": "003560",
    "name": "IHQ",
    "wpCategoryId": 25
  },
  {
    "code": "009440",
    "name": "KC그린홀딩스",
    "wpCategoryId": 25
  },
  {
    "code": "119650",
    "name": "KC코트렐",
    "wpCategoryId": 25
  },
  {
    "code": "033180",
    "name": "KH 필룩스",
    "wpCategoryId": 25
  },
  {
    "code": "011810",
    "name": "STX",
    "wpCategoryId": 25
  },
  {
    "code": "001140",
    "name": "국보",
    "wpCategoryId": 25
  },
  {
    "code": "001570",
    "name": "금양",
    "wpCategoryId": 25
  },
  {
    "code": "008110",
    "name": "대동전자",
    "wpCategoryId": 25
  },
  {
    "code": "002210",
    "name": "동성제약",
    "wpCategoryId": 25
  },
  {
    "code": "002410",
    "name": "범양건영",
    "wpCategoryId": 25
  },
  {
    "code": "005030",
    "name": "부산주공",
    "wpCategoryId": 25
  },
  {
    "code": "001470",
    "name": "삼부토건",
    "wpCategoryId": 25
  },
  {
    "code": "207940",
    "name": "삼성바이오로직스",
    "wpCategoryId": 25
  },
  {
    "code": "000070",
    "name": "삼양홀딩스",
    "wpCategoryId": 25
  },
  {
    "code": "004380",
    "name": "삼익THK",
    "wpCategoryId": 25
  },
  {
    "code": "007610",
    "name": "선도전기",
    "wpCategoryId": 25
  },
  {
    "code": "204210",
    "name": "스타에스엠리츠",
    "wpCategoryId": 25
  },
  {
    "code": "140910",
    "name": "에이리츠",
    "wpCategoryId": 25
  },
  {
    "code": "010600",
    "name": "웰바이오텍",
    "wpCategoryId": 25
  },
  {
    "code": "074610",
    "name": "이엔플러스",
    "wpCategoryId": 25
  },
  {
    "code": "007570",
    "name": "일양약품",
    "wpCategoryId": 25
  },
  {
    "code": "007575",
    "name": "일양약품우",
    "wpCategoryId": 25
  },
  {
    "code": "020760",
    "name": "일진디스플",
    "wpCategoryId": 25
  },
  {
    "code": "006380",
    "name": "카프로",
    "wpCategoryId": 25
  },
  {
    "code": "005110",
    "name": "한창",
    "wpCategoryId": 25
  },
  {
    "code": "298000",
    "name": "효성화학",
    "wpCategoryId": 25
  }
]
