[
  {
    "code": "NVDA.O",
    "name": "엔비디아",
    "wpCategoryId": 26
  },
  {
    "code": "AAPL.O",
    "name": "애플",
    "wpCategoryId": 26
  },
  {
    "code": "MSFT.O",
    "name": "마이크로소프트",
    "wpCategoryId": 26
  },
  {
    "code": "AMZN.O",
    "name": "아마존닷컴",
    "wpCategoryId": 26
  },
  {
    "code": "GOOGL.O",
    "name": "알파벳 Class A",
    "wpCategoryId": 26
  },
  {
    "code": "GOOG.O",
    "name": "알파벳 Class C",
    "wpCategoryId": 26
  },
  {
    "code": "AVGO.O",
    "name": "브로드컴",
    "wpCategoryId": 26
  },
  {
    "code": "META.O",
    "name": "메타",
    "wpCategoryId": 26
  },
  {
    "code": "TSLA.O",
    "name": "테슬라",
    "wpCategoryId": 26
  },
  {
    "code": "NFLX.O",
    "name": "넷플릭스",
    "wpCategoryId": 26
  },
  {
    "code": "COST.O",
    "name": "코스트코 홀세일",
    "wpCategoryId": 26
  },
  {
    "code": "ASML.O",
    "name": "ASML 홀딩 ADR",
    "wpCategoryId": 26
  },
  {
    "code": "PLTR.O",
    "name": "팔란티어 테크놀로지스",
    "wpCategoryId": 26
  },
  {
    "code": "AMD.O",
    "name": "AMD(어드밴스드 마이크로 디바이시스)",
    "wpCategoryId": 26
  },
  {
    "code": "CSCO.O",
    "name": "시스코 시스템즈",
    "wpCategoryId": 26
  },
  {
    "code": "AZN.O",
    "name": "아스트라제네카 ADR",
    "wpCategoryId": 26
  },
  {
    "code": "TMUS.O",
    "name": "T-모바일 US",
    "wpCategoryId": 26
  },
  {
    "code": "MU.O",
    "name": "마이크론 테크놀로지",
    "wpCategoryId": 26
  },
  {
    "code": "PEP.O",
    "name": "펩시코",
    "wpCategoryId": 26
  },
  {
    "code": "ISRG.O",
    "name": "인튜이티브 서지컬",
    "wpCategoryId": 26
  },
  {
    "code": "LIN.O",
    "name": "린드",
    "wpCategoryId": 26
  },
  {
    "code": "SHOP.O",
    "name": "쇼피파이",
    "wpCategoryId": 26
  },
  {
    "code": "INTU.O",
    "name": "인튜이트",
    "wpCategoryId": 26
  },
  {
    "code": "AMGN.O",
    "name": "암젠",
    "wpCategoryId": 26
  },
  {
    "code": "LRCX.O",
    "name": "램 리서치",
    "wpCategoryId": 26
  },
  {
    "code": "AMAT.O",
    "name": "어플라이드 머티어리얼즈",
    "wpCategoryId": 26
  },
  {
    "code": "APP.O",
    "name": "앱플로빈",
    "wpCategoryId": 26
  },
  {
    "code": "QCOM.O",
    "name": "퀄컴",
    "wpCategoryId": 26
  },
  {
    "code": "INTC.O",
    "name": "인텔",
    "wpCategoryId": 26
  },
  {
    "code": "PDD.O",
    "name": "핀둬둬 ADR",
    "wpCategoryId": 26
  },
  {
    "code": "GILD.O",
    "name": "길리어드 사이언스",
    "wpCategoryId": 26
  },
  {
    "code": "BKNG.O",
    "name": "부킹 홀딩스",
    "wpCategoryId": 26
  },
  {
    "code": "TXN.O",
    "name": "텍사스 인스트루먼트",
    "wpCategoryId": 26
  },
  {
    "code": "KLAC.O",
    "name": "KLA",
    "wpCategoryId": 26
  },
  {
    "code": "ARM.O",
    "name": "암 홀딩스 ADR",
    "wpCategoryId": 26
  },
  {
    "code": "ADBE.O",
    "name": "어도비",
    "wpCategoryId": 26
  },
  {
    "code": "PANW.O",
    "name": "팔로 알토 네트웍스",
    "wpCategoryId": 26
  },
  {
    "code": "CRWD.O",
    "name": "크라우드 스트라이크 홀딩스",
    "wpCategoryId": 26
  },
  {
    "code": "SNY.O",
    "name": "사노피 ADR",
    "wpCategoryId": 26
  },
  {
    "code": "HON.O",
    "name": "허니웰 인터내셔널",
    "wpCategoryId": 26
  },
  {
    "code": "ADI.O",
    "name": "애널로그 디바이시스",
    "wpCategoryId": 26
  },
  {
    "code": "VRTX.O",
    "name": "버텍스 파마슈티컬",
    "wpCategoryId": 26
  },
  {
    "code": "CEG.O",
    "name": "콘스텔레이션 에너지",
    "wpCategoryId": 26
  },
  {
    "code": "IBKR.O",
    "name": "인터랙티브 브로커스 그룹",
    "wpCategoryId": 26
  },
  {
    "code": "ADP.O",
    "name": "오토매틱 데이터 프로세싱",
    "wpCategoryId": 26
  },
  {
    "code": "CMCSA.O",
    "name": "컴캐스트",
    "wpCategoryId": 26
  },
  {
    "code": "MELI.O",
    "name": "메르카도리브레",
    "wpCategoryId": 26
  },
  {
    "code": "CME.O",
    "name": "CME 그룹",
    "wpCategoryId": 26
  },
  {
    "code": "SBUX.O",
    "name": "스타벅스",
    "wpCategoryId": 26
  },
  {
    "code": "HOOD.O",
    "name": "로빈후드",
    "wpCategoryId": 26
  },
  {
    "code": "ORLY.O",
    "name": "오레일리 오토모티브",
    "wpCategoryId": 26
  },
  {
    "code": "NTES.O",
    "name": "넷이즈 ADR",
    "wpCategoryId": 26
  },
  {
    "code": "CDNS.O",
    "name": "케이던스 디자인 시스템즈",
    "wpCategoryId": 26
  },
  {
    "code": "DASH.O",
    "name": "도어대시",
    "wpCategoryId": 26
  },
  {
    "code": "REGN.O",
    "name": "리제네론 파마슈티컬스",
    "wpCategoryId": 26
  },
  {
    "code": "MAR.O",
    "name": "메리어트 인터내셔널",
    "wpCategoryId": 26
  },
  {
    "code": "CTAS.O",
    "name": "신타스",
    "wpCategoryId": 26
  },
  {
    "code": "EQIX.O",
    "name": "이퀴닉스",
    "wpCategoryId": 26
  },
  {
    "code": "MDLZ.O",
    "name": "몬덜리즈 인터내셔널",
    "wpCategoryId": 26
  },
  {
    "code": "SNPS.O",
    "name": "시놉시스",
    "wpCategoryId": 26
  },
  {
    "code": "MNST.O",
    "name": "몬스터 베버리지",
    "wpCategoryId": 26
  },
  {
    "code": "ABNB.O",
    "name": "에어비앤비",
    "wpCategoryId": 26
  },
  {
    "code": "MRVL.O",
    "name": "마벨 테크놀로지 그룹",
    "wpCategoryId": 26
  },
  {
    "code": "COIN.O",
    "name": "코인베이스 글로벌",
    "wpCategoryId": 26
  },
  {
    "code": "AEP.O",
    "name": "아메리칸 일렉트릭 파워 컴퍼니",
    "wpCategoryId": 26
  },
  {
    "code": "CSX.O",
    "name": "CSX",
    "wpCategoryId": 26
  },
  {
    "code": "ADSK.O",
    "name": "오토데스크",
    "wpCategoryId": 26
  },
  {
    "code": "WDAY.O",
    "name": "워크데이",
    "wpCategoryId": 26
  },
  {
    "code": "TRI.O",
    "name": "톰슨 로이터",
    "wpCategoryId": 26
  },
  {
    "code": "FTNT.O",
    "name": "포티넷",
    "wpCategoryId": 26
  },
  {
    "code": "IDXX.O",
    "name": "아이덱스 래보라토리스",
    "wpCategoryId": 26
  },
  {
    "code": "ALNY.O",
    "name": "앨나일램 파마슈티컬스",
    "wpCategoryId": 26
  },
  {
    "code": "WBD.O",
    "name": "워너 브로스 디스커버리",
    "wpCategoryId": 26
  },
  {
    "code": "PYPL.O",
    "name": "페이팔 홀딩스",
    "wpCategoryId": 26
  },
  {
    "code": "ROST.O",
    "name": "로스 스토어스",
    "wpCategoryId": 26
  },
  {
    "code": "ARGX.O",
    "name": "아겐스 ADR",
    "wpCategoryId": 26
  },
  {
    "code": "DDOG.O",
    "name": "데이터도그",
    "wpCategoryId": 26
  },
  {
    "code": "PCAR.O",
    "name": "파카",
    "wpCategoryId": 26
  },
  {
    "code": "STX.O",
    "name": "씨게이트",
    "wpCategoryId": 26
  },
  {
    "code": "EA.O",
    "name": "일렉트로닉 아츠",
    "wpCategoryId": 26
  },
  {
    "code": "NDAQ.O",
    "name": "나스닥",
    "wpCategoryId": 26
  },
  {
    "code": "MSTR.O",
    "name": "스트래티지",
    "wpCategoryId": 26
  },
  {
    "code": "BKR.O",
    "name": "베이커 휴즈",
    "wpCategoryId": 26
  },
  {
    "code": "NXPI.O",
    "name": "NXP 세미콘덕터",
    "wpCategoryId": 26
  },
  {
    "code": "ROP.O",
    "name": "로퍼 테크놀로지스",
    "wpCategoryId": 26
  },
  {
    "code": "WDC.O",
    "name": "웨스턴 디지털",
    "wpCategoryId": 26
  },
  {
    "code": "XEL.O",
    "name": "엑셀 에너지",
    "wpCategoryId": 26
  },
  {
    "code": "JD.O",
    "name": "제이디닷컴 ADR",
    "wpCategoryId": 26
  },
  {
    "code": "EXC.O",
    "name": "엑셀론",
    "wpCategoryId": 26
  },
  {
    "code": "FER.O",
    "name": "페로비알",
    "wpCategoryId": 26
  },
  {
    "code": "FAST.O",
    "name": "패스널",
    "wpCategoryId": 26
  },
  {
    "code": "TCOM.O",
    "name": "트립닷컴 그룹 ADR",
    "wpCategoryId": 26
  },
  {
    "code": "ZS.O",
    "name": "지스케일러",
    "wpCategoryId": 26
  },
  {
    "code": "TTWO.O",
    "name": "테이크-투 인터랙티브 소프트웨어",
    "wpCategoryId": 26
  },
  {
    "code": "INSM.O",
    "name": "인스메드",
    "wpCategoryId": 26
  },
  {
    "code": "FANG.O",
    "name": "다이아몬드백 에너지",
    "wpCategoryId": 26
  },
  {
    "code": "MPWR.O",
    "name": "모놀리식 파워 시스템즈",
    "wpCategoryId": 26
  },
  {
    "code": "CCEP.O",
    "name": "코카-콜라 유로퍼시픽 파트너스",
    "wpCategoryId": 26
  },
  {
    "code": "AXON.O",
    "name": "액손 엔터프라이스",
    "wpCategoryId": 26
  },
  {
    "code": "PAYX.O",
    "name": "페이첵스",
    "wpCategoryId": 26
  },
  {
    "code": "CPRT.O",
    "name": "코파트",
    "wpCategoryId": 26
  },
  {
    "code": "TEAM.O",
    "name": "아틀라시안",
    "wpCategoryId": 26
  },
  {
    "code": "BIDU.O",
    "name": "바이두 ADR",
    "wpCategoryId": 26
  },
  {
    "code": "ONC.O",
    "name": "비원 메디슨스 ADR",
    "wpCategoryId": 26
  },
  {
    "code": "KDP.O",
    "name": "큐리그 닥터 페퍼",
    "wpCategoryId": 26
  },
  {
    "code": "CTSH.O",
    "name": "코그니전트 테크놀로지 솔루션",
    "wpCategoryId": 26
  },
  {
    "code": "EBAY.O",
    "name": "이베이",
    "wpCategoryId": 26
  },
  {
    "code": "CRWV.O",
    "name": "코어위브",
    "wpCategoryId": 26
  },
  {
    "code": "KMB.O",
    "name": "킴벌리클라크",
    "wpCategoryId": 26
  },
  {
    "code": "GEHC.O",
    "name": "GE 헬스케어",
    "wpCategoryId": 26
  },
  {
    "code": "ACGL.O",
    "name": "아치 캐피털 그룹",
    "wpCategoryId": 26
  },
  {
    "code": "FISV.O",
    "name": "파이서브",
    "wpCategoryId": 26
  },
  {
    "code": "RYAAY.O",
    "name": "라이언에어 홀딩스 ADR",
    "wpCategoryId": 26
  },
  {
    "code": "NTRA.O",
    "name": "나테라",
    "wpCategoryId": 26
  },
  {
    "code": "SYM.O",
    "name": "심보틱",
    "wpCategoryId": 26
  },
  {
    "code": "VRSK.O",
    "name": "베리스크 애널리틱스",
    "wpCategoryId": 26
  },
  {
    "code": "SOFI.O",
    "name": "소파이 테크놀로지스",
    "wpCategoryId": 26
  },
  {
    "code": "EXPE.O",
    "name": "익스피디아그룹",
    "wpCategoryId": 26
  },
  {
    "code": "WTW.O",
    "name": "윌리스 타워스 왓슨",
    "wpCategoryId": 26
  },
  {
    "code": "KHC.O",
    "name": "크래프트 하인즈",
    "wpCategoryId": 26
  },
  {
    "code": "UAL.O",
    "name": "유나이티드 에어라인스 홀딩스",
    "wpCategoryId": 26
  },
  {
    "code": "SNDK.O",
    "name": "샌디스크",
    "wpCategoryId": 26
  },
  {
    "code": "ERIC.O",
    "name": "텔레폰악티에볼라예트 에릭슨 ADR",
    "wpCategoryId": 26
  },
  {
    "code": "CSGP.O",
    "name": "코스타 그룹",
    "wpCategoryId": 26
  },
  {
    "code": "VOD.O",
    "name": "보다폰 그룹 ADR",
    "wpCategoryId": 26
  },
  {
    "code": "ODFL.O",
    "name": "올드 도미니언 프라이트 라인",
    "wpCategoryId": 26
  },
  {
    "code": "FITB.O",
    "name": "피프스 서드 뱅코프",
    "wpCategoryId": 26
  },
  {
    "code": "TSCO.O",
    "name": "트랙터 서플라이",
    "wpCategoryId": 26
  },
  {
    "code": "LPLA.O",
    "name": "LPL 파이낸셜 홀딩스",
    "wpCategoryId": 26
  },
  {
    "code": "EXE.O",
    "name": "익스팬드 에너지",
    "wpCategoryId": 26
  },
  {
    "code": "MCHP.O",
    "name": "마이크로칩 테크놀러지",
    "wpCategoryId": 26
  },
  {
    "code": "FSLR.O",
    "name": "퍼스트 솔라",
    "wpCategoryId": 26
  },
  {
    "code": "CHTR.O",
    "name": "차터 커뮤니케이션",
    "wpCategoryId": 26
  },
  {
    "code": "MDB.O",
    "name": "몽고DB",
    "wpCategoryId": 26
  },
  {
    "code": "CINF.O",
    "name": "신시내티 파이낸셜",
    "wpCategoryId": 26
  },
  {
    "code": "BIIB.O",
    "name": "바이오젠",
    "wpCategoryId": 26
  },
  {
    "code": "HBAN.O",
    "name": "헌팅턴 뱅크셰어스",
    "wpCategoryId": 26
  },
  {
    "code": "TER.O",
    "name": "테라다인",
    "wpCategoryId": 26
  },
  {
    "code": "NTRS.O",
    "name": "노던 트러스트",
    "wpCategoryId": 26
  },
  {
    "code": "ALAB.O",
    "name": "아스테라 랩스",
    "wpCategoryId": 26
  },
  {
    "code": "ZM.O",
    "name": "줌 커뮤니케이션스",
    "wpCategoryId": 26
  },
  {
    "code": "DXCM.O",
    "name": "덱스컴",
    "wpCategoryId": 26
  },
  {
    "code": "VRSN.O",
    "name": "베리사인",
    "wpCategoryId": 26
  },
  {
    "code": "PODD.O",
    "name": "인슐릿",
    "wpCategoryId": 26
  },
  {
    "code": "FCNCA.O",
    "name": "퍼스트 시티즌스 뱅크셰어스",
    "wpCategoryId": 26
  },
  {
    "code": "ULTA.O",
    "name": "울타 뷰티",
    "wpCategoryId": 26
  },
  {
    "code": "STLD.O",
    "name": "스틸 다이내믹스",
    "wpCategoryId": 26
  },
  {
    "code": "CRDO.O",
    "name": "크레도 테크놀로지 그룹 홀딩",
    "wpCategoryId": 26
  },
  {
    "code": "BNTX.O",
    "name": "바이오엔테크 ADR",
    "wpCategoryId": 26
  },
  {
    "code": "TW.O",
    "name": "트레이드웹 마켓",
    "wpCategoryId": 26
  },
  {
    "code": "RPRX.O",
    "name": "로열티 파마",
    "wpCategoryId": 26
  },
  {
    "code": "CYBR.O",
    "name": "사이버아크 소프트웨어",
    "wpCategoryId": 26
  },
  {
    "code": "ESLT.O",
    "name": "엘빗 시스템즈",
    "wpCategoryId": 26
  },
  {
    "code": "TROW.O",
    "name": "티 로웨 프라이스 그룹",
    "wpCategoryId": 26
  },
  {
    "code": "RKLB.O",
    "name": "로켓 랩",
    "wpCategoryId": 26
  },
  {
    "code": "NTAP.O",
    "name": "넷앱",
    "wpCategoryId": 26
  },
  {
    "code": "AFRM.O",
    "name": "어펌 홀딩스",
    "wpCategoryId": 26
  },
  {
    "code": "NBIS.O",
    "name": "네비우스 그룹",
    "wpCategoryId": 26
  },
  {
    "code": "FWONK.O",
    "name": "포뮬러 원 그룹 Series C",
    "wpCategoryId": 26
  },
  {
    "code": "CASY.O",
    "name": "케이시스 제너럴 스토어스",
    "wpCategoryId": 26
  },
  {
    "code": "SBAC.O",
    "name": "SBA 커뮤니케이션스",
    "wpCategoryId": 26
  },
  {
    "code": "DLTR.O",
    "name": "달러 트리",
    "wpCategoryId": 26
  },
  {
    "code": "TPG.O",
    "name": "TPG",
    "wpCategoryId": 26
  },
  {
    "code": "PTC.O",
    "name": "PTC",
    "wpCategoryId": 26
  },
  {
    "code": "SSNC.O",
    "name": "SS&C 테크놀로지스 홀딩스",
    "wpCategoryId": 26
  },
  {
    "code": "FLEX.O",
    "name": "플렉스",
    "wpCategoryId": 26
  },
  {
    "code": "UTHR.O",
    "name": "유나이티드 테라퓨틱스",
    "wpCategoryId": 26
  },
  {
    "code": "CHKP.O",
    "name": "체크 포인트 소프트웨어 테크놀로지",
    "wpCategoryId": 26
  },
  {
    "code": "INCY.O",
    "name": "인사이트",
    "wpCategoryId": 26
  },
  {
    "code": "GRAB.O",
    "name": "그랩 홀딩스",
    "wpCategoryId": 26
  },
  {
    "code": "LULU.O",
    "name": "룰루레몬 애슬레티카",
    "wpCategoryId": 26
  },
  {
    "code": "SATS.O",
    "name": "에코스타",
    "wpCategoryId": 26
  },
  {
    "code": "LI.O",
    "name": "리 오토 ADR",
    "wpCategoryId": 26
  },
  {
    "code": "SMCI.O",
    "name": "슈퍼 마이크로 컴퓨터",
    "wpCategoryId": 26
  },
  {
    "code": "TTD.O",
    "name": "트레이드 데스크",
    "wpCategoryId": 26
  },
  {
    "code": "EXAS.O",
    "name": "이그젝트 사이언시스",
    "wpCategoryId": 26
  },
  {
    "code": "ILMN.O",
    "name": "일루미나",
    "wpCategoryId": 26
  },
  {
    "code": "GFS.O",
    "name": "글로벌파운드리",
    "wpCategoryId": 26
  },
  {
    "code": "ON.O",
    "name": "온 세미콘덕터",
    "wpCategoryId": 26
  },
  {
    "code": "GMAB.O",
    "name": "젠맵 ADR",
    "wpCategoryId": 26
  },
  {
    "code": "CG.O",
    "name": "칼라일 그룹",
    "wpCategoryId": 26
  },
  {
    "code": "ASTS.O",
    "name": "AST 스페이스모바일",
    "wpCategoryId": 26
  },
  {
    "code": "PFG.O",
    "name": "프린시펄 파이낸셜 그룹",
    "wpCategoryId": 26
  },
  {
    "code": "TRMB.O",
    "name": "트림블",
    "wpCategoryId": 26
  },
  {
    "code": "CDW.O",
    "name": "CDW",
    "wpCategoryId": 26
  },
  {
    "code": "RIVN.O",
    "name": "리비안",
    "wpCategoryId": 26
  },
  {
    "code": "LITE.O",
    "name": "루멘텀 홀딩스",
    "wpCategoryId": 26
  },
  {
    "code": "CHRW.O",
    "name": "CH 로빈슨 월드와이드",
    "wpCategoryId": 26
  },
  {
    "code": "LOGI.O",
    "name": "로지텍 인터내셔널",
    "wpCategoryId": 26
  },
  {
    "code": "LNT.O",
    "name": "얼라이언트 에너지",
    "wpCategoryId": 26
  },
  {
    "code": "EVRG.O",
    "name": "에버지",
    "wpCategoryId": 26
  },
  {
    "code": "PSKY.O",
    "name": "파라마운트 스카이댄스",
    "wpCategoryId": 26
  },
  {
    "code": "TLN.O",
    "name": "탈렌 에너지",
    "wpCategoryId": 26
  },
  {
    "code": "MEDP.O",
    "name": "메드페이스 홀딩스",
    "wpCategoryId": 26
  },
  {
    "code": "HOLX.O",
    "name": "홀로직",
    "wpCategoryId": 26
  },
  {
    "code": "GEN.O",
    "name": "젠 디지털",
    "wpCategoryId": 26
  },
  {
    "code": "FTAI.O",
    "name": "FTAI 애비에이션",
    "wpCategoryId": 26
  },
  {
    "code": "WMG.O",
    "name": "워너 뮤직 그룹",
    "wpCategoryId": 26
  },
  {
    "code": "JBHT.O",
    "name": "J.B 헌트 운송 서비스",
    "wpCategoryId": 26
  },
  {
    "code": "WWD.O",
    "name": "우드워드",
    "wpCategoryId": 26
  },
  {
    "code": "NTNX.O",
    "name": "뉴타닉스",
    "wpCategoryId": 26
  },
  {
    "code": "RGLD.O",
    "name": "로얄 골드",
    "wpCategoryId": 26
  },
  {
    "code": "ERIE.O",
    "name": "이리 인뎀니티",
    "wpCategoryId": 26
  },
  {
    "code": "FUTU.O",
    "name": "푸투 홀딩스 ADR",
    "wpCategoryId": 26
  },
  {
    "code": "COO.O",
    "name": "쿠퍼 컴퍼니스",
    "wpCategoryId": 26
  },
  {
    "code": "DKNG.O",
    "name": "드래프트킹즈 홀딩스",
    "wpCategoryId": 26
  },
  {
    "code": "EWBC.O",
    "name": "이스트 웨스트 뱅코프",
    "wpCategoryId": 26
  },
  {
    "code": "ARCC.O",
    "name": "아레스 캐피탈",
    "wpCategoryId": 26
  },
  {
    "code": "NBIX.O",
    "name": "뉴로크린 바이오사이언시스",
    "wpCategoryId": 26
  },
  {
    "code": "ROIV.O",
    "name": "로이반트 사이언시스",
    "wpCategoryId": 26
  },
  {
    "code": "FOX.O",
    "name": "폭스 Class B",
    "wpCategoryId": 26
  },
  {
    "code": "OKTA.O",
    "name": "옥타",
    "wpCategoryId": 26
  },
  {
    "code": "ROKU.O",
    "name": "로쿠",
    "wpCategoryId": 26
  },
  {
    "code": "DPZ.O",
    "name": "도미노피자",
    "wpCategoryId": 26
  },
  {
    "code": "RVMD.O",
    "name": "레볼루션 메디신",
    "wpCategoryId": 26
  },
  {
    "code": "FOXA.O",
    "name": "폭스 Class A",
    "wpCategoryId": 26
  },
  {
    "code": "AVAV.O",
    "name": "에어로바이런먼트",
    "wpCategoryId": 26
  },
  {
    "code": "GH.O",
    "name": "가단트 헬쓰",
    "wpCategoryId": 26
  },
  {
    "code": "FFIV.O",
    "name": "F5",
    "wpCategoryId": 26
  },
  {
    "code": "HTHT.O",
    "name": "화주 그룹",
    "wpCategoryId": 26
  },
  {
    "code": "KSPI.O",
    "name": "카스피.kz 우선주",
    "wpCategoryId": 26
  },
  {
    "code": "LAMR.O",
    "name": "라마 애드버타이징",
    "wpCategoryId": 26
  },
  {
    "code": "Z.O",
    "name": "질로우 그룹 Class C",
    "wpCategoryId": 26
  },
  {
    "code": "DOCU.O",
    "name": "도큐사인",
    "wpCategoryId": 26
  },
  {
    "code": "BBIO.O",
    "name": "브릿지바이오 파머",
    "wpCategoryId": 26
  },
  {
    "code": "NDSN.O",
    "name": "노드슨",
    "wpCategoryId": 26
  },
  {
    "code": "ASND.O",
    "name": "어센디스 파마 ADR",
    "wpCategoryId": 26
  },
  {
    "code": "REG.O",
    "name": "리젠시 센터스",
    "wpCategoryId": 26
  },
  {
    "code": "VNOM.O",
    "name": "바이퍼 에너지",
    "wpCategoryId": 26
  },
  {
    "code": "NXT.O",
    "name": "넥스트파워",
    "wpCategoryId": 26
  },
  {
    "code": "AKAM.O",
    "name": "아카마이 테크놀로지",
    "wpCategoryId": 26
  },
  {
    "code": "LECO.O",
    "name": "링컨 일렉트릭 홀딩스",
    "wpCategoryId": 26
  },
  {
    "code": "ICLR.O",
    "name": "아이콘",
    "wpCategoryId": 26
  },
  {
    "code": "TEM.O",
    "name": "템퍼스 AI",
    "wpCategoryId": 26
  },
  {
    "code": "BSY.O",
    "name": "벤틀리 시스템즈",
    "wpCategoryId": 26
  },
  {
    "code": "MDGL.O",
    "name": "매드리갈 파마슈티컬스",
    "wpCategoryId": 26
  },
  {
    "code": "WYNN.O",
    "name": "윈 리조트",
    "wpCategoryId": 26
  },
  {
    "code": "JKHY.O",
    "name": "잭 헨리 & 어소시에이츠",
    "wpCategoryId": 26
  },
  {
    "code": "IONS.O",
    "name": "아이오니스 파마슈티컬스",
    "wpCategoryId": 26
  },
  {
    "code": "ZBRA.O",
    "name": "지브라 테크놀로지스",
    "wpCategoryId": 26
  },
  {
    "code": "GLPI.O",
    "name": "게이밍 & 레저 프로퍼티스",
    "wpCategoryId": 26
  },
  {
    "code": "SMMT.O",
    "name": "서밋 테라퓨틱스 ADR",
    "wpCategoryId": 26
  },
  {
    "code": "PAA.O",
    "name": "Plains All American Pipeline Units",
    "wpCategoryId": 26
  },
  {
    "code": "HST.O",
    "name": "호스트 호텔스 & 리조트",
    "wpCategoryId": 26
  },
  {
    "code": "IREN.O",
    "name": "아이렌",
    "wpCategoryId": 26
  }
]
